date,campaign_id,channel,objective,impressions,clicks,spend,currency,ctr,cpc,cpm
2021-10-25,1,Paid Search,Cross-sell,34839,1949,967.27,AED,0.0559430523264158,0.4962904053360698,27.764000114813857
2021-10-26,1,Paid Search,Cross-sell,72182,2920,881.53,AED,0.04045329860630074,0.30189383561643834,12.21260147959325
2021-10-27,1,Paid Search,Cross-sell,130138,8972,1113.44,AED,0.06894219981865404,0.12410164957646011,8.555840722924895
2021-10-28,1,Paid Search,Cross-sell,32938,1397,1003.82,AED,0.04241301839820268,0.718554044380816,30.4760459044265
2021-10-29,1,Paid Search,Cross-sell,51658,2756,837.62,AED,0.053350884664524374,0.3039259796806967,16.214719888497424
2021-10-30,1,Paid Search,Cross-sell,42584,1924,837.31,AED,0.04518128874694721,0.43519230769230766,19.66254931429645
2021-10-31,1,Paid Search,Cross-sell,48051,2297,763.44,AED,0.0478033755801128,0.33236395298215066,15.888118873696698
2021-11-01,1,Paid Search,Cross-sell,46403,2899,942.63,AED,0.062474408982177876,0.3251569506726457,20.313988319720707
2021-11-02,1,Paid Search,Cross-sell,37895,1387,909.32,AED,0.03660113471434226,0.655602018745494,23.995777807098566
2021-11-03,1,Paid Search,Cross-sell,29004,1188,707.81,AED,0.04095986760446835,0.5957996632996633,24.403875327541027
2021-11-04,1,Paid Search,Cross-sell,30939,1559,819.09,AED,0.05038947606580691,0.5253944836433612,26.474352758654124
2021-11-05,1,Paid Search,Cross-sell,76211,3988,860.81,AED,0.052328404036162755,0.21585005015045133,11.29508863549881
2021-11-06,1,Paid Search,Cross-sell,61601,3277,1011.27,AED,0.053197188357331865,0.3085962770826976,16.416454278339636
2021-11-07,1,Paid Search,Cross-sell,32307,1339,735.35,AED,0.041446126226514377,0.5491784914115011,22.761321075927818
2021-11-08,1,Paid Search,Cross-sell,96244,4028,999.91,AED,0.04185195960267653,0.2482398212512413,10.389322970782594
2021-11-09,1,Paid Search,Cross-sell,100132,4644,923.34,AED,0.04637878001038629,0.19882428940568475,9.221227979067631
2021-11-10,1,Paid Search,Cross-sell,23062,1095,700.55,AED,0.0474807041887087,0.6397716894977169,30.376810337351483
2021-11-11,1,Paid Search,Cross-sell,51523,2781,803.0,AED,0.05397589426081556,0.288745055735347,15.585272596704385
2021-11-12,1,Paid Search,Cross-sell,94274,6555,943.96,AED,0.06953136601820226,0.14400610221205187,10.012941001760826
2021-11-13,1,Paid Search,Cross-sell,29399,1233,848.2,AED,0.041940202047688696,0.6879156528791566,28.85132147351951
2021-11-14,1,Paid Search,Cross-sell,36060,1355,1039.41,AED,0.03757626178591237,0.7670922509225093,28.824459234608987
2021-11-15,1,Paid Search,Cross-sell,58033,2266,1025.95,AED,0.03904674926335016,0.4527581641659312,17.678734513121846
2021-11-16,1,Paid Search,Cross-sell,55799,2077,944.93,AED,0.03722288929909138,0.45494944631680306,16.93453287693328
2021-11-17,1,Paid Search,Cross-sell,62935,2919,1031.93,AED,0.04638118693890522,0.3535217540253512,16.39675856041948
2021-11-18,1,Paid Search,Cross-sell,31604,1628,1009.91,AED,0.05151246677635742,0.6203378378378378,31.955132261739017
2021-11-19,1,Paid Search,Cross-sell,96475,5784,1083.33,AED,0.05995335579165587,0.18729771784232363,11.229126716766002
2021-11-20,1,Paid Search,Cross-sell,32932,1721,949.0,AED,0.052259200777359405,0.5514235909355026,28.816956152070933
2021-11-21,1,Paid Search,Cross-sell,50099,2503,1107.88,AED,0.04996107706740654,0.4426208549740312,22.113814646998943
2021-11-22,1,Paid Search,Cross-sell,55311,2920,911.95,AED,0.052792392110068524,0.31231164383561644,16.48767876190993
2021-11-23,1,Paid Search,Cross-sell,26452,1156,859.82,AED,0.043701799485861184,0.7437889273356402,32.50491456222592
2021-11-24,1,Paid Search,Cross-sell,77570,2923,1099.76,AED,0.037682093592883846,0.3762435853575094,14.177645997163852
2021-11-25,1,Paid Search,Cross-sell,52468,2132,830.22,AED,0.040634291377601585,0.3894090056285178,15.823358999771289
2021-11-26,1,Paid Search,Cross-sell,34472,1431,1023.8,AED,0.04151195172893943,0.7154437456324249,29.69946623346484
2021-10-24,2,Email,Retention,4418,251,141.82,AED,0.0568130375735627,0.565019920318725,32.10049796287913
2021-10-25,2,Email,Retention,8543,438,120.92,AED,0.05127004565141051,0.2760730593607306,14.154278356549222
2021-10-26,2,Email,Retention,4271,311,128.51,AED,0.07281667056895341,0.41321543408360123,30.088972137672673
2021-10-27,2,Email,Retention,7019,288,135.26,AED,0.04103148596666192,0.46965277777777775,19.270551360592673
2021-10-28,2,Email,Retention,11605,544,130.4,AED,0.046876346402412755,0.23970588235294119,11.236535975872469
2021-10-29,2,Email,Retention,5992,390,131.89,AED,0.065086782376502,0.33817948717948715,22.011014686248327
2021-10-30,2,Email,Retention,8045,632,143.35,AED,0.07855811062771909,0.22681962025316454,17.818520820385334
2021-10-31,2,Email,Retention,6134,195,96.26,AED,0.03179002282360613,0.4936410256410257,15.692859471796547
2021-11-01,2,Email,Retention,5504,303,134.62,AED,0.055050872093023256,0.4442904290429043,24.458575581395348
2021-11-02,2,Email,Retention,11018,600,131.26,AED,0.054456344164095116,0.21876666666666666,11.913232891631873
2021-11-03,2,Email,Retention,4081,171,141.27,AED,0.04190149473168341,0.8261403508771931,34.61651555991179
2021-11-04,2,Email,Retention,10982,729,158.33,AED,0.06638135130213076,0.21718792866941017,14.417228191586233
2021-11-05,2,Email,Retention,8388,516,150.4,AED,0.06151645207439199,0.29147286821705426,17.93037672865999
2021-11-06,2,Email,Retention,14088,1011,147.05,AED,0.07176320272572402,0.1454500494559842,10.437961385576378
2021-11-07,2,Email,Retention,10777,423,179.56,AED,0.03925025517305373,0.4244917257683215,16.661408555256564
2021-11-08,2,Email,Retention,5217,160,137.18,AED,0.030668966839179607,0.857375,26.294805443741613
2021-11-09,2,Email,Retention,5724,236,124.95,AED,0.04122990915443746,0.5294491525423729,21.829140461215935
2021-11-10,2,Email,Retention,4262,210,113.62,AED,0.04927264195213515,0.5410476190476191,26.65884561238855
2021-11-11,2,Email,Retention,4348,160,144.76,AED,0.03679852805887764,0.9047499999999999,33.293468261269545
2021-11-12,2,Email,Retention,3618,267,119.28,AED,0.07379767827529021,0.4467415730337079,32.96849087893864
2021-11-13,2,Email,Retention,8595,541,128.63,AED,0.06294357184409541,0.2377634011090573,14.965677719604422
2021-11-14,2,Email,Retention,6267,263,139.77,AED,0.04196585288016595,0.5314448669201521,22.302537099090475
2021-11-15,2,Email,Retention,15376,1151,161.66,AED,0.07485691987513007,0.14045178105994788,10.51378772112383
2021-11-16,2,Email,Retention,8186,388,140.43,AED,0.04739799657952602,0.3619329896907217,17.154898607378453
2021-11-17,2,Email,Retention,5471,409,151.01,AED,0.07475781392798392,0.36921760391198044,27.6019009321879
2021-11-18,2,Email,Retention,5535,189,140.23,AED,0.03414634146341464,0.7419576719576719,25.335140018066845
2021-11-19,2,Email,Retention,11499,861,142.18,AED,0.07487607618053743,0.16513356562137052,12.364553439429516
2021-11-20,2,Email,Retention,17341,659,141.1,AED,0.03800242200565135,0.2141122913505311,8.136785652499855
2021-11-21,2,Email,Retention,5288,341,120.67,AED,0.0644856278366112,0.3538709677419355,22.819591527987896
2021-11-22,2,Email,Retention,4076,170,111.0,AED,0.04170755642787046,0.6529411764705882,27.232580961727184
2021-11-23,2,Email,Retention,8844,595,148.47,AED,0.06727725011307101,0.2495294117647059,16.787652645861602
2021-11-24,2,Email,Retention,6006,350,154.69,AED,0.05827505827505827,0.44197142857142857,25.755910755910755
2021-11-25,2,Email,Retention,13631,659,143.53,AED,0.048345682635169834,0.21779969650986344,10.529675005502163
2021-11-26,2,Email,Retention,3417,169,117.12,AED,0.04945858940591162,0.69301775147929,34.2756804214223
2021-11-27,2,Email,Retention,3697,227,118.62,AED,0.06140113605626183,0.5225550660792951,32.085474709223696
2021-11-28,2,Email,Retention,5743,313,135.42,AED,0.054501131812641476,0.43265175718849835,23.580010447501305
2021-11-29,2,Email,Retention,12403,820,164.62,AED,0.066113037168427,0.20075609756097562,13.272595339837135
2021-11-30,2,Email,Retention,3397,263,113.45,AED,0.07742125404768914,0.43136882129277565,33.3971151015602
2021-12-01,2,Email,Retention,4432,214,144.94,AED,0.04828519855595668,0.6772897196261682,32.70306859205776
2021-12-02,2,Email,Retention,4255,309,144.75,AED,0.07262044653349001,0.4684466019417476,34.01880141010576
2021-12-03,2,Email,Retention,8381,412,133.68,AED,0.049158811597661375,0.32446601941747577,15.950363918386827
2021-12-04,2,Email,Retention,10026,579,126.1,AED,0.05774985038898863,0.21778929188255614,12.577299022541393
2021-12-05,2,Email,Retention,4583,296,152.52,AED,0.06458651538293694,0.5152702702702703,33.27951123718089
2021-12-06,2,Email,Retention,4764,378,117.24,AED,0.07934508816120907,0.31015873015873013,24.609571788413096
2021-12-07,2,Email,Retention,11735,656,138.27,AED,0.05590115040477205,0.21077743902439025,11.782701320835109
2021-12-08,2,Email,Retention,5309,345,142.41,AED,0.06498398945187418,0.41278260869565214,26.824260689395366
2021-12-09,2,Email,Retention,8275,369,146.53,AED,0.04459214501510574,0.39710027100271,17.707552870090634
2021-12-10,2,Email,Retention,4635,350,145.6,AED,0.07551240560949299,0.416,31.413160733549084
2021-12-11,2,Email,Retention,6675,367,145.57,AED,0.0549812734082397,0.3966485013623978,21.80823970037453
2021-12-12,2,Email,Retention,5443,379,146.73,AED,0.06963071835384899,0.3871503957783641,26.957560169024433
2021-12-13,2,Email,Retention,4938,231,158.18,AED,0.04678007290400972,0.6847619047619048,32.03321182665047
2021-12-14,2,Email,Retention,5060,160,119.49,AED,0.03162055335968379,0.7468125,23.61462450592885
2021-12-15,2,Email,Retention,6337,362,130.36,AED,0.05712482247120088,0.3601104972375691,20.57124822471201
2021-12-16,2,Email,Retention,16894,538,149.07,AED,0.031845625665916893,0.27708178438661707,8.823842784420505
2021-12-17,2,Email,Retention,3391,162,102.46,AED,0.047773518136243,0.6324691358024691,30.21527572987319
2021-12-18,2,Email,Retention,4739,193,136.46,AED,0.04072589153829922,0.7070466321243524,28.795104452416123
2021-12-19,2,Email,Retention,4565,156,113.31,AED,0.03417305585980285,0.7263461538461539,24.82146768893757
2021-12-20,2,Email,Retention,6021,372,136.08,AED,0.06178375685102142,0.36580645161290326,22.60089686098655
2021-12-21,2,Email,Retention,4417,348,121.95,AED,0.07878650667874122,0.35043103448275864,27.60923703871406
2021-12-22,2,Email,Retention,3193,139,94.1,AED,0.043532727842154714,0.676978417266187,29.47071719386157
2021-12-23,2,Email,Retention,6998,237,138.94,AED,0.033866819091168905,0.5862447257383966,19.854244069734207
2021-12-24,2,Email,Retention,7635,295,145.39,AED,0.038637851997380485,0.4928474576271186,19.04256712508186
2023-10-08,3,Email,Reactivation,16654,707,203.58,AED,0.04245226372042753,0.287949080622348,12.224090308634562
2023-10-09,3,Email,Reactivation,8824,388,227.89,AED,0.04397098821396192,0.5873453608247422,25.826155938349952
2023-10-10,3,Email,Reactivation,5657,378,191.13,AED,0.06681986918861588,0.5056349206349207,33.786459254021565
2023-10-11,3,Email,Reactivation,12289,520,237.54,AED,0.04231426478964928,0.4568076923076923,19.329481650256326
2023-10-12,3,Email,Reactivation,11815,802,208.08,AED,0.06787981379602201,0.25945137157107234,17.611510791366907
2023-10-13,3,Email,Reactivation,9238,322,192.18,AED,0.03485602944360251,0.596832298136646,20.803204156743885
2023-10-14,3,Email,Reactivation,9453,507,201.12,AED,0.0536337670580768,0.3966863905325444,21.27578546493177
2023-10-15,3,Email,Reactivation,9240,561,173.35,AED,0.060714285714285714,0.3090017825311943,18.76082251082251
2023-10-16,3,Email,Reactivation,5824,187,146.46,AED,0.03210851648351648,0.7832085561497326,25.147664835164836
2023-10-17,3,Email,Reactivation,10152,739,219.13,AED,0.07279353821907013,0.2965223274695534,21.584909377462566
2023-10-18,3,Email,Reactivation,5482,209,141.37,AED,0.03812477198102882,0.6764114832535886,25.78803356439256
2023-10-19,3,Email,Reactivation,21290,1262,185.56,AED,0.05927665570690465,0.1470364500792393,8.715829027712543
2023-10-20,3,Email,Reactivation,4911,288,163.96,AED,0.05864386072083079,0.5693055555555556,33.386275707595196
2023-10-21,3,Email,Reactivation,10948,627,223.05,AED,0.05727073438070881,0.3557416267942584,20.373584216295214
2023-10-22,3,Email,Reactivation,4390,216,146.73,AED,0.04920273348519362,0.6793055555555555,33.42369020501139
2023-10-23,3,Email,Reactivation,18924,869,187.77,AED,0.04592052420207144,0.21607594936708863,9.922320862396957
2023-10-24,3,Email,Reactivation,5301,165,163.35,AED,0.0311262026032824,0.99,30.814940577249573
2023-10-25,3,Email,Reactivation,14677,951,164.25,AED,0.06479525788648906,0.17271293375394323,11.190979082918853
2023-10-26,3,Email,Reactivation,8131,600,203.14,AED,0.07379166154224573,0.3385666666666666,24.98339687615299
2023-10-27,3,Email,Reactivation,12945,503,202.15,AED,0.03885670142912322,0.4018886679920477,15.616067979915025
2023-10-28,3,Email,Reactivation,6976,490,197.2,AED,0.0702408256880734,0.40244897959183673,28.26834862385321
2023-10-29,3,Email,Reactivation,9954,685,179.62,AED,0.06881655615832831,0.2622189781021898,18.045007032348806
2023-10-30,3,Email,Reactivation,10658,815,183.35,AED,0.07646838055920435,0.22496932515337423,17.203039969975602
2023-10-31,3,Email,Reactivation,6164,417,174.3,AED,0.06765087605451006,0.4179856115107914,28.277092796885142
2023-11-01,3,Email,Reactivation,19461,1462,209.88,AED,0.07512460819074046,0.14355677154582763,10.784646215507937
2023-11-02,3,Email,Reactivation,12947,968,215.46,AED,0.07476635514018691,0.22258264462809918,16.64169305630648
2023-11-03,3,Email,Reactivation,9765,298,180.75,AED,0.03051715309779826,0.6065436241610739,18.5099846390169
2023-11-04,3,Email,Reactivation,5612,329,188.94,AED,0.05862437633642195,0.5742857142857143,33.667141838916606
2023-11-05,3,Email,Reactivation,7049,369,176.66,AED,0.05234785075897291,0.4787533875338753,25.061710880976026
2023-11-06,3,Email,Reactivation,5848,395,152.99,AED,0.06754445964432285,0.38731645569620254,26.161080711354312
2023-11-07,3,Email,Reactivation,5016,348,147.36,AED,0.06937799043062201,0.423448275862069,29.377990430622013
2023-11-08,3,Email,Reactivation,18824,1081,179.85,AED,0.05742668933276668,0.1663737280296022,9.554292392690183
2023-11-09,3,Email,Reactivation,7827,582,155.93,AED,0.07435799156765044,0.2679209621993127,19.92206464801329
2023-11-10,3,Email,Reactivation,13310,906,157.87,AED,0.06806912096168294,0.1742494481236203,11.861006761833208
2023-11-11,3,Email,Reactivation,6945,243,171.49,AED,0.03498920086393088,0.7057201646090535,24.692584593232542
2023-11-12,3,Email,Reactivation,18746,1332,186.8,AED,0.07105515843379921,0.14024024024024026,9.964792489064335
2023-11-13,3,Email,Reactivation,6150,209,166.48,AED,0.03398373983739837,0.7965550239234449,27.069918699186992
2023-11-14,3,Email,Reactivation,4709,364,141.04,AED,0.07729878955192185,0.3874725274725275,29.951157358250157
2023-11-15,3,Email,Reactivation,4105,277,142.14,AED,0.06747868453105968,0.5131407942238266,34.62606577344701
2023-11-16,3,Email,Reactivation,5546,321,160.76,AED,0.057879552830869097,0.500809968847352,28.986657050126215
2023-11-17,3,Email,Reactivation,8965,675,174.41,AED,0.07529280535415504,0.25838518518518516,19.454545454545453
2023-11-18,3,Email,Reactivation,21629,1155,179.67,AED,0.053400527070137316,0.15555844155844153,8.30690276942993
2023-11-19,3,Email,Reactivation,16079,577,153.08,AED,0.035885316251010636,0.2653032928942808,9.52049256794577
2023-11-20,3,Email,Reactivation,6712,397,188.9,AED,0.05914779499404053,0.47581863979848865,28.143623361144222
2023-11-21,3,Email,Reactivation,4644,226,157.82,AED,0.04866494401378122,0.6983185840707964,33.98363479758829
2023-11-22,3,Email,Reactivation,14164,1107,198.83,AED,0.07815588816718441,0.1796115627822945,14.037701214346232
2023-11-23,3,Email,Reactivation,20333,1596,169.34,AED,0.07849309005065656,0.10610275689223057,8.328333251364777
2023-11-24,3,Email,Reactivation,18637,1075,186.24,AED,0.05768095723560659,0.173246511627907,9.993024628427323
2023-11-25,3,Email,Reactivation,5282,296,180.52,AED,0.05603937902309731,0.6098648648648649,34.17644831503219
2023-11-26,3,Email,Reactivation,10822,664,219.4,AED,0.06135649602661246,0.33042168674698796,20.27351690999815
2023-11-27,3,Email,Reactivation,8668,650,206.11,AED,0.0749884633133364,0.31709230769230773,23.778264882325796
2023-11-28,3,Email,Reactivation,15453,608,239.36,AED,0.0393451109816864,0.3936842105263158,15.48954895489549
2023-11-29,3,Email,Reactivation,7715,367,158.33,AED,0.04756966947504861,0.43141689373297004,20.522359040829556
2023-11-30,3,Email,Reactivation,4653,369,159.66,AED,0.07930367504835589,0.4326829268292683,34.313346228239844
2022-07-25,4,Display,Reactivation,19063,326,511.85,AED,0.017101190788438338,1.5700920245398773,26.85044326706185
2022-07-26,4,Display,Reactivation,21591,232,571.92,AED,0.010745217914871938,2.4651724137931033,26.48881478393775
2022-07-27,4,Display,Reactivation,14027,308,457.24,AED,0.02195765309759749,1.4845454545454546,32.59713409852427
2022-07-28,4,Display,Reactivation,12097,274,401.43,AED,0.022650243862114575,1.46507299270073,33.18426056046954
2022-07-29,4,Display,Reactivation,69198,584,638.07,AED,0.008439550276019538,1.0925856164383563,9.220931240787307
2022-07-30,4,Display,Reactivation,16998,179,589.11,AED,0.010530650664784091,3.291117318435754,34.657606777267915
2022-07-31,4,Display,Reactivation,19355,280,465.33,AED,0.014466546112115732,1.661892857142857,24.041849651252907
2022-08-01,4,Display,Reactivation,25622,324,491.95,AED,0.012645382874092576,1.5183641975308642,19.200296620092107
2022-08-02,4,Display,Reactivation,62327,1414,593.49,AED,0.022686797054246154,0.4197241867043847,9.522197442520898
2022-08-03,4,Display,Reactivation,17416,419,500.95,AED,0.024058337161231052,1.195584725536993,28.763780431786863
2022-08-04,4,Display,Reactivation,16291,198,504.08,AED,0.012153950033760972,2.5458585858585856,30.94223804554662
2022-08-05,4,Display,Reactivation,12452,227,420.39,AED,0.018230003212335366,1.8519383259911895,33.76084163186636
2022-08-06,4,Display,Reactivation,34562,671,489.86,AED,0.01941438574156588,0.7300447093889717,14.17336959666686
2022-08-07,4,Display,Reactivation,34824,676,385.37,AED,0.019411899839191362,0.5700739644970414,11.066218699747301
2022-08-08,4,Display,Reactivation,27053,571,596.49,AED,0.021106716445495877,1.0446409807355517,22.04894096773001
2022-08-09,4,Display,Reactivation,25723,451,589.1,AED,0.01753294716790421,1.3062084257206208,22.90168331843098
2022-08-10,4,Display,Reactivation,15965,237,505.62,AED,0.014844973379267146,2.1334177215189873,31.670529282806136
2022-08-11,4,Display,Reactivation,20326,236,549.01,AED,0.011610744858801534,2.326313559322034,27.010233198858604
2022-08-12,4,Display,Reactivation,51645,425,603.32,AED,0.008229257430535385,1.4195764705882354,11.682060218801434
2022-08-13,4,Display,Reactivation,31199,481,580.02,AED,0.015417160806436103,1.2058627858627857,18.590980480143596
2022-08-14,4,Display,Reactivation,11369,158,368.5,AED,0.013897440408127364,2.3322784810126582,32.412701205031226
2022-08-15,4,Display,Reactivation,32788,609,613.36,AED,0.018573868488471392,1.0071592775041052,18.70684396730511
2022-08-16,4,Display,Reactivation,16178,390,506.12,AED,0.024106811719619235,1.2977435897435898,31.28446037829151
2022-08-17,4,Display,Reactivation,18270,450,372.66,AED,0.024630541871921183,0.8281333333333334,20.39737274220033
2022-08-18,4,Display,Reactivation,23303,316,496.38,AED,0.013560485774363815,1.5708227848101266,21.301120027464275
2022-08-19,4,Display,Reactivation,40067,408,402.61,AED,0.010182943569521052,0.9867892156862745,10.048418898345272
2022-08-20,4,Display,Reactivation,48077,508,550.84,AED,0.01056638309378705,1.0843307086614173,11.457453668074132
2022-08-21,4,Display,Reactivation,40902,567,528.08,AED,0.01386240281648819,0.9313580246913581,12.91086010464036
2022-08-22,4,Display,Reactivation,13348,214,429.99,AED,0.016032364399160923,2.009299065420561,32.21381480371591
2022-08-23,4,Display,Reactivation,32333,281,426.54,AED,0.008690811245476757,1.5179359430604984,13.192094763863546
2022-08-24,4,Display,Reactivation,42861,545,538.4,AED,0.012715522269662397,0.9878899082568807,12.561536128415108
2022-08-25,4,Display,Reactivation,36292,515,492.52,AED,0.014190455196737574,0.9563495145631068,13.571034938829495
2022-08-26,4,Display,Reactivation,19582,386,422.83,AED,0.019711980390154222,1.0954145077720208,21.592789296292512
2022-08-27,4,Display,Reactivation,14183,335,448.02,AED,0.023619826552915463,1.3373731343283581,31.58852146936473
2022-08-28,4,Display,Reactivation,53540,680,516.62,AED,0.01270078446021666,0.7597352941176471,9.649234217407546
2022-08-29,4,Display,Reactivation,42109,486,546.67,AED,0.011541475694032155,1.1248353909465019,12.982260324396208
2022-08-30,4,Display,Reactivation,30963,502,557.43,AED,0.016212899266866906,1.110418326693227,18.0031004747602
2022-08-31,4,Display,Reactivation,18878,390,386.79,AED,0.02065896811102871,0.9917692307692308,20.488928911961015
2022-09-01,4,Display,Reactivation,67091,824,603.18,AED,0.012281826176387295,0.732014563106796,8.990475622661757
2022-09-02,4,Display,Reactivation,24929,424,543.84,AED,0.01700830358217337,1.2826415094339623,21.815556179549922
2022-09-03,4,Display,Reactivation,48094,750,523.92,AED,0.015594460847506965,0.69856,10.893666569634464
2022-09-04,4,Display,Reactivation,24882,358,379.94,AED,0.014387910939635078,1.0612849162011173,15.269672855879753
2022-09-05,4,Display,Reactivation,60388,813,515.83,AED,0.013462939656885473,0.6344772447724478,8.54192886003842
2022-09-06,4,Display,Reactivation,40237,931,452.01,AED,0.02313790789571787,0.48551020408163265,11.233690384472004
2022-09-07,4,Display,Reactivation,17453,341,419.35,AED,0.019538188277087035,1.2297653958944281,24.027387841631814
2022-09-08,4,Display,Reactivation,48320,827,499.96,AED,0.01711506622516556,0.604546553808948,10.346854304635762
2022-09-09,4,Display,Reactivation,25652,530,611.67,AED,0.02066115702479339,1.1540943396226415,23.844924372368624
2022-09-10,4,Display,Reactivation,26987,382,422.68,AED,0.0141549635009449,1.1064921465968587,15.662355949160707
2022-09-11,4,Display,Reactivation,19114,338,486.26,AED,0.01768337344354923,1.4386390532544377,25.439991629172333
2022-09-12,4,Display,Reactivation,36801,390,395.55,AED,0.010597538110377435,1.0142307692307693,10.748349229640498
2022-09-13,4,Display,Reactivation,37075,397,542.82,AED,0.010708024275118005,1.3673047858942067,14.64113283884019
2022-09-14,4,Display,Reactivation,35965,836,456.08,AED,0.02324482135409426,0.5455502392344498,12.681217850688169
2022-09-15,4,Display,Reactivation,42855,724,435.68,AED,0.016894178042235444,0.601767955801105,10.166374985415937
2022-09-16,4,Display,Reactivation,47243,697,520.86,AED,0.014753508456279237,0.7472883787661406,11.025125415405457
2022-09-17,4,Display,Reactivation,14536,330,496.78,AED,0.022702256466703357,1.5053939393939393,34.1758392955421
2022-09-18,4,Display,Reactivation,36249,702,457.25,AED,0.019366051477282133,0.6513532763532763,12.614141079753924
2022-09-19,4,Display,Reactivation,16839,294,557.27,AED,0.0174594690896134,1.8954761904761903,33.0940079577172
2022-09-20,4,Display,Reactivation,13038,145,375.21,AED,0.011121337628470625,2.587655172413793,28.778186838472156
2022-09-21,4,Display,Reactivation,32339,492,541.35,AED,0.015213828504282755,1.1003048780487805,16.739849717059897
2022-09-22,4,Display,Reactivation,34083,626,378.35,AED,0.018366927793914856,0.6043929712460064,11.100842062025057
2022-09-23,4,Display,Reactivation,31923,570,504.17,AED,0.01785546471196316,0.8845087719298246,15.793315164614855
2022-09-24,4,Display,Reactivation,22144,196,495.59,AED,0.008851156069364163,2.5285204081632653,22.380328757225435
2022-09-25,4,Display,Reactivation,23971,246,409.63,AED,0.010262400400483918,1.6651626016260161,17.088565349797673
2022-09-26,4,Display,Reactivation,38729,758,576.11,AED,0.019571897028066824,0.7600395778364116,14.875416354669628
2022-09-27,4,Display,Reactivation,16028,290,457.24,AED,0.018093336660843524,1.5766896551724139,28.52757674070377
2022-09-28,4,Display,Reactivation,18082,430,314.98,AED,0.02378055524831324,0.7325116279069768,17.419533237473733
2022-09-29,4,Display,Reactivation,14484,353,440.72,AED,0.024371720519193594,1.2484985835694051,30.428058547362607
2022-09-30,4,Display,Reactivation,15851,175,528.42,AED,0.011040312914011734,3.019542857142857,33.33669800012618
2022-10-01,4,Display,Reactivation,46471,957,455.21,AED,0.020593488412127995,0.4756635318704284,9.795571431645541
2022-10-02,4,Display,Reactivation,49961,1075,588.24,AED,0.021516783090810832,0.5472,11.773983707291688
2022-10-03,4,Display,Reactivation,38653,416,519.66,AED,0.010762424650091843,1.2491826923076923,13.4442346001604
2022-10-04,4,Display,Reactivation,20422,344,530.17,AED,0.016844579375183626,1.5411918604651162,25.960728625991578
2022-10-05,4,Display,Reactivation,26511,607,468.95,AED,0.02289615631247407,0.7725700164744645,17.688883859530005
2022-10-06,4,Display,Reactivation,29750,428,590.75,AED,0.01438655462184874,1.3802570093457944,19.857142857142858
2022-10-07,4,Display,Reactivation,22931,300,469.92,AED,0.013082726440190135,1.5664,20.492782695913828
2022-07-09,5,Social,Acquisition,59113,2777,843.53,AED,0.04697782213726253,0.30375585163845875,14.269788371424221
2022-07-10,5,Social,Acquisition,57322,2081,1052.74,AED,0.036303687938313386,0.5058817876021143,18.365374550783294
2022-07-11,5,Social,Acquisition,78067,3762,870.94,AED,0.04818937579258842,0.23150983519404572,11.156314447846082
2022-07-12,5,Social,Acquisition,37617,1130,938.48,AED,0.030039609750910492,0.8305132743362832,24.948294654012816
2022-07-13,5,Social,Acquisition,35725,1286,883.92,AED,0.03599720083974808,0.6873405909797823,24.742337298810355
2022-07-14,5,Social,Acquisition,24546,1071,788.81,AED,0.04363236372525055,0.7365172735760971,32.135989570602135
2022-07-15,5,Social,Acquisition,53248,2253,783.25,AED,0.042311448317307696,0.34764758100310694,14.70947265625
2022-07-16,5,Social,Acquisition,82419,3057,733.98,AED,0.03709096203545299,0.24009813542688913,8.905470825901796
2022-07-17,5,Social,Acquisition,52311,2335,901.65,AED,0.04463688325591176,0.3861456102783726,17.236336525778515
2022-07-18,5,Social,Acquisition,80395,3649,883.31,AED,0.04538839480067168,0.24206906001644285,10.987126065053795
2022-07-19,5,Social,Acquisition,27336,669,807.16,AED,0.024473222124670763,1.2065171898355755,29.5273631840796
2022-07-20,5,Social,Acquisition,50579,2107,717.71,AED,0.04165760493485439,0.3406312292358804,14.189881175982128
2022-07-21,5,Social,Acquisition,35566,1290,950.94,AED,0.036270595512568185,0.7371627906976744,26.73733340831131
2022-07-22,5,Social,Acquisition,68403,2077,1012.27,AED,0.030364165314386796,0.4873712084737602,14.798619943569726
2022-07-23,5,Social,Acquisition,30124,1458,616.77,AED,0.04839994688620369,0.4230246913580247,20.474372593281107
2022-07-24,5,Social,Acquisition,84838,3188,1029.98,AED,0.0375775006482944,0.32308030112923464,12.140550225134962
2022-07-25,5,Social,Acquisition,135448,6252,1149.82,AED,0.04615793514854409,0.18391234804862444,8.489014234244877
2022-07-26,5,Social,Acquisition,25854,955,857.51,AED,0.03693819138237797,0.8979162303664922,33.167401562620874
2022-07-27,5,Social,Acquisition,33286,818,901.9,AED,0.024574896352821007,1.1025672371638142,27.095475575316947
2022-07-28,5,Social,Acquisition,36904,1409,869.46,AED,0.03818014307392153,0.6170759403832505,23.560047691307176
2022-07-29,5,Social,Acquisition,31366,1498,1042.24,AED,0.04775871963272333,0.6957543391188251,33.22833641522668
2022-07-30,5,Social,Acquisition,38502,900,776.7,AED,0.02337540906965872,0.8630000000000001,20.172978027115473
2022-07-31,5,Social,Acquisition,35395,1131,848.24,AED,0.0319536657720017,0.7499911582670203,23.964966803220793
2022-08-01,5,Social,Acquisition,103315,3105,979.28,AED,0.030053719208246624,0.3153880837359098,9.478584910226008
2022-08-02,5,Social,Acquisition,31697,1508,713.5,AED,0.04757548032936871,0.47314323607427056,22.510016720825313
2022-08-03,5,Social,Acquisition,36446,1108,632.4,AED,0.030401141414695715,0.5707581227436823,17.351698403116938
2022-08-04,5,Social,Acquisition,56799,1906,798.84,AED,0.03355692881916935,0.4191185729275971,14.064332118523215
2022-08-05,5,Social,Acquisition,89112,2253,1051.81,AED,0.02528279019660652,0.46684864624944516,11.803236376694496
2022-08-06,5,Social,Acquisition,15317,472,500.91,AED,0.03081543383169028,1.06125,32.702879153881305
2022-08-07,5,Social,Acquisition,35240,1373,834.36,AED,0.038961407491486945,0.6076911871813547,23.67650397275823
2022-08-08,5,Social,Acquisition,78342,3909,807.28,AED,0.04989660718388604,0.20651829112304937,10.304562048454212
2022-08-09,5,Social,Acquisition,32542,1232,701.59,AED,0.037858767131706716,0.5694724025974026,21.5595230778686
2022-08-10,5,Social,Acquisition,61677,2895,842.97,AED,0.04693808064594582,0.29118134715025906,13.667493555134007
2022-08-11,5,Social,Acquisition,61908,1592,838.17,AED,0.025715577954383926,0.5264886934673366,13.538961038961038
2022-08-12,5,Social,Acquisition,36002,791,837.08,AED,0.02197100161102161,1.0582553729456385,23.250930503860896
2022-08-13,5,Social,Acquisition,26698,897,772.64,AED,0.03359802232376957,0.8613600891861761,28.939995505281296
2022-08-14,5,Social,Acquisition,26923,990,506.71,AED,0.036771533632953234,0.5118282828282829,18.8207109163169
2022-08-15,5,Social,Acquisition,80297,2044,978.94,AED,0.02545549646935751,0.4789334637964775,12.191489096728397
2022-08-16,5,Social,Acquisition,26138,843,663.61,AED,0.032251893794475475,0.7872004744958482,25.388706098400796
2022-08-17,5,Social,Acquisition,85552,2111,743.06,AED,0.02467505143070881,0.3519943154902889,8.685477838040022
2022-08-18,5,Social,Acquisition,109861,2928,959.27,AED,0.026651860077734593,0.3276195355191257,8.731670019388135
2022-08-19,5,Social,Acquisition,70346,2824,1001.66,AED,0.040144428965399596,0.3546954674220963,14.239046996275551
2022-08-20,5,Social,Acquisition,30245,821,775.02,AED,0.027144982641758967,0.9439951278928136,25.62473136055546
2022-08-21,5,Social,Acquisition,84507,2306,902.96,AED,0.027287680310506823,0.3915698178664354,10.685032009182672
2022-08-22,5,Social,Acquisition,30606,976,930.92,AED,0.03188917205776645,0.953811475409836,30.416258250016334
2022-08-23,5,Social,Acquisition,34459,901,897.27,AED,0.026147015293537246,0.9958601553829078,26.038770713021268
2022-08-24,5,Social,Acquisition,109692,2475,916.05,AED,0.02256317689530686,0.37012121212121213,8.351110381796301
2022-08-25,5,Social,Acquisition,58925,1225,802.15,AED,0.02078913873568095,0.6548163265306123,13.613067458633855
2022-08-26,5,Social,Acquisition,45533,2130,882.36,AED,0.04677925899896778,0.41425352112676056,19.378472756023108
2022-08-27,5,Social,Acquisition,22724,687,683.34,AED,0.030232353458898083,0.9946724890829695,30.071290265798275
2022-08-28,5,Social,Acquisition,31428,881,752.33,AED,0.028032327860506554,0.8539500567536891,23.93820796741759
2022-08-29,5,Social,Acquisition,26697,861,663.49,AED,0.03225081469828071,0.7706039488966319,24.85260516162865
2022-08-30,5,Social,Acquisition,36268,1757,578.51,AED,0.04844491011359876,0.32926010244735343,15.95097606705636
2022-08-31,5,Social,Acquisition,36875,892,1055.27,AED,0.024189830508474577,1.1830381165919281,28.617491525423727
2022-09-01,5,Social,Acquisition,26015,1144,836.46,AED,0.04397463002114165,0.7311713286713287,32.15298866038824
2022-09-02,5,Social,Acquisition,50328,1040,980.43,AED,0.020664441265299635,0.9427211538461538,19.480805913209345
2022-09-03,5,Social,Acquisition,35056,972,880.05,AED,0.027727065267001368,0.9054012345679012,25.104119123687813
2022-09-04,5,Social,Acquisition,53170,2395,625.42,AED,0.0450441978559338,0.2611356993736952,11.762648109836373
2022-09-05,5,Social,Acquisition,66760,1880,843.54,AED,0.02816057519472738,0.4486914893617021,12.635410425404434
2022-09-06,5,Social,Acquisition,104168,4940,885.07,AED,0.04742339298056985,0.17916396761133604,8.496563243990478
2022-09-07,5,Social,Acquisition,56230,2059,865.92,AED,0.036617463987195446,0.42055366682855755,15.399608749777698
2022-09-08,5,Social,Acquisition,28050,1259,717.76,AED,0.044884135472370766,0.5701032565528197,25.588591800356507
2022-09-09,5,Social,Acquisition,36075,1441,873.52,AED,0.03994455994455994,0.6061901457321305,24.213998613998612
2022-09-10,5,Social,Acquisition,75791,3594,965.21,AED,0.04741987834967212,0.2685614913745131,12.73515325038593
2022-09-11,5,Social,Acquisition,27665,592,608.93,AED,0.02139887945056931,1.0285979729729728,22.010844026748597
2022-09-12,5,Social,Acquisition,54425,2293,679.75,AED,0.04213137344970142,0.296445704317488,12.489664676159853
2022-09-13,5,Social,Acquisition,59132,1873,864.78,AED,0.03167489684096597,0.46170848905499196,14.624568761415139
2022-09-14,5,Social,Acquisition,47223,1448,745.89,AED,0.030663024373716197,0.5151174033149171,15.7950574931707
2022-09-15,5,Social,Acquisition,30827,1056,718.07,AED,0.03425568495150355,0.6799905303030304,23.293541376066436
2022-09-16,5,Social,Acquisition,37584,1807,974.16,AED,0.04807896977437207,0.5391034864416159,25.919540229885058
2022-09-17,5,Social,Acquisition,82889,2309,732.9,AED,0.02785653102341686,0.31741013425725423,8.841945252084113
2022-09-18,5,Social,Acquisition,38624,832,929.58,AED,0.021541010770505385,1.117283653846154,24.06741922120961
2022-09-19,5,Social,Acquisition,68385,2949,1164.24,AED,0.0431234919938583,0.3947914547304171,17.024786137310816
2022-09-20,5,Social,Acquisition,76216,1696,829.09,AED,0.022252545397291906,0.4888502358490566,10.878162065707988
2022-09-21,5,Social,Acquisition,31473,1040,836.79,AED,0.033044196612969846,0.8046057692307692,26.587551234391384
2022-09-22,5,Social,Acquisition,72658,3238,1064.65,AED,0.04456494811307771,0.32879864113650403,14.652894381898761
2022-09-23,5,Social,Acquisition,60008,2262,921.01,AED,0.037694974003466206,0.40716622458001767,15.348120250633249
2022-09-24,5,Social,Acquisition,54317,1235,963.93,AED,0.022736896367619715,0.7805101214574899,17.74637774545722
2022-09-25,5,Social,Acquisition,63993,2320,831.82,AED,0.03625396527745222,0.3585431034482759,12.998609222883754
2022-09-26,5,Social,Acquisition,29127,1222,919.53,AED,0.04195420056991794,0.7524795417348609,31.569677618704294
2022-09-27,5,Social,Acquisition,34162,1553,911.84,AED,0.04545986768924536,0.5871474565357373,26.69164568819156
2022-09-28,5,Social,Acquisition,66316,2300,977.58,AED,0.034682429579588635,0.42503478260869565,14.741238916701851
2022-09-29,5,Social,Acquisition,69544,2575,895.42,AED,0.03702691821005406,0.3477359223300971,12.875589554814217
2021-10-20,6,Affiliate,Reactivation,11040,174,361.22,AED,0.01576086956521739,2.075977011494253,32.719202898550726
2021-10-21,6,Affiliate,Reactivation,8905,349,293.5,AED,0.039191465468837734,0.8409742120343839,32.95901179112858
2021-10-22,6,Affiliate,Reactivation,12110,325,405.64,AED,0.026837324525185797,1.248123076923077,33.49628406275805
2021-10-23,6,Affiliate,Reactivation,21172,756,351.79,AED,0.0357075382580767,0.4653306878306879,16.615813338371435
2021-10-24,6,Affiliate,Reactivation,39100,1169,351.87,AED,0.02989769820971867,0.3010008554319932,8.99923273657289
2021-10-25,6,Affiliate,Reactivation,32494,1053,327.47,AED,0.032405982642949464,0.3109876543209877,10.077860528097496
2021-10-26,6,Affiliate,Reactivation,19448,644,334.06,AED,0.03311394487865076,0.5187267080745341,17.17708761826409
2021-10-27,6,Affiliate,Reactivation,15088,524,340.49,AED,0.034729586426299044,0.6497900763358779,22.566940615058325
2021-10-28,6,Affiliate,Reactivation,19703,603,327.2,AED,0.030604476475663604,0.5426202321724709,16.60660813074151
2021-10-29,6,Affiliate,Reactivation,25496,397,364.34,AED,0.015571069971760276,0.9177329974811083,14.290084719171633
2021-10-30,6,Affiliate,Reactivation,12607,195,397.05,AED,0.015467597366542397,2.036153846153846,31.4944078686444
2021-10-31,6,Affiliate,Reactivation,10632,371,354.63,AED,0.034894657637321295,0.9558760107816712,33.354966139954854
2021-11-01,6,Affiliate,Reactivation,11626,276,406.29,AED,0.023739893342508173,1.4720652173913045,34.94667125408567
2021-11-02,6,Affiliate,Reactivation,15418,473,323.12,AED,0.03067842781164872,0.6831289640591967,20.957322609936437
2021-11-03,6,Affiliate,Reactivation,13433,531,424.36,AED,0.039529516861460584,0.7991713747645951,31.590858333953697
2021-11-04,6,Affiliate,Reactivation,16870,564,326.9,AED,0.033432128037937166,0.5796099290780141,19.37759336099585
2021-11-05,6,Affiliate,Reactivation,29533,524,426.67,AED,0.017742863914942605,0.8142557251908398,14.447228524023974
2021-11-06,6,Affiliate,Reactivation,17478,364,279.66,AED,0.0208261814852958,0.7682967032967034,16.000686577411606
2021-11-07,6,Affiliate,Reactivation,33057,510,302.03,AED,0.01542789726835466,0.5922156862745097,9.136642768551289
2021-11-08,6,Affiliate,Reactivation,18963,606,348.48,AED,0.031956968834045245,0.5750495049504951,18.376839107736117
2021-11-09,6,Affiliate,Reactivation,26100,1011,362.61,AED,0.03873563218390805,0.3586646884272997,13.893103448275863
2021-11-10,6,Affiliate,Reactivation,11998,320,402.03,AED,0.026671111851975328,1.2563437499999999,33.50808468078013
2021-11-11,6,Affiliate,Reactivation,13804,264,339.06,AED,0.019124891335844683,1.284318181818182,24.56244566792234
2021-11-12,6,Affiliate,Reactivation,14709,409,359.05,AED,0.02780610510571759,0.8778728606356968,24.410225032293155
2021-11-13,6,Affiliate,Reactivation,26439,513,376.18,AED,0.01940315443095427,0.7332943469785576,14.228223457770717
2021-11-14,6,Affiliate,Reactivation,10931,259,317.56,AED,0.023694081053883452,1.226100386100386,29.051321928460343
2021-11-15,6,Affiliate,Reactivation,33583,1317,321.12,AED,0.03921627013667629,0.2438268792710706,9.561980764077063
2021-11-16,6,Affiliate,Reactivation,15860,298,424.95,AED,0.01878940731399748,1.426006711409396,26.793820933165193
2021-11-17,6,Affiliate,Reactivation,10667,219,320.31,AED,0.02053060841848692,1.4626027397260275,30.028124121121213
2021-11-18,6,Affiliate,Reactivation,15034,443,360.97,AED,0.029466542503658374,0.8148306997742665,24.01024344818412
2021-11-19,6,Affiliate,Reactivation,25850,954,270.66,AED,0.03690522243713733,0.2837106918238994,10.470406189555126
2021-11-20,6,Affiliate,Reactivation,9942,386,318.11,AED,0.03882518607925971,0.824119170984456,31.996580164956754
2021-11-21,6,Affiliate,Reactivation,10548,371,329.93,AED,0.03517254455821009,0.8892991913746631,31.278915434205537
2021-11-22,6,Affiliate,Reactivation,37194,937,384.91,AED,0.02519223530676991,0.41078975453575245,10.348712157874926
2021-11-23,6,Affiliate,Reactivation,25241,542,455.93,AED,0.02147300027732657,0.84119926199262,18.063071986054435
2021-11-24,6,Affiliate,Reactivation,34211,701,348.56,AED,0.02049048551635439,0.4972325249643367,10.188535851042062
2021-11-25,6,Affiliate,Reactivation,16810,284,444.6,AED,0.01689470553242118,1.565492957746479,26.44854253420583
2021-11-26,6,Affiliate,Reactivation,16659,496,349.44,AED,0.029773695900114052,0.704516129032258,20.976048982531967
2021-11-27,6,Affiliate,Reactivation,13637,323,412.75,AED,0.023685561340470777,1.2778637770897834,30.26692087702574
2021-11-28,6,Affiliate,Reactivation,25386,938,386.13,AED,0.03694949972425746,0.41165245202558637,15.210352162609311
2021-11-29,6,Affiliate,Reactivation,15148,476,447.34,AED,0.031423290203327174,0.9397899159663865,29.531291259572217
2021-11-30,6,Affiliate,Reactivation,14662,469,393.42,AED,0.031987450552448504,0.8388486140724947,26.832628563633882
2021-12-01,6,Affiliate,Reactivation,15259,516,376.96,AED,0.03381610852611573,0.7305426356589146,24.704109050396486
2021-12-02,6,Affiliate,Reactivation,20032,672,341.52,AED,0.03354632587859425,0.5082142857142857,17.048722044728436
2021-12-03,6,Affiliate,Reactivation,29010,1028,358.01,AED,0.03543605653223027,0.34825875486381325,12.340916925198206
2023-07-02,7,Paid Search,Cross-sell,110751,4988,905.11,AED,0.04503796805446452,0.18145749799518845,8.172476997950357
2023-07-03,7,Paid Search,Cross-sell,43559,3020,1074.05,AED,0.06933125186528616,0.3556456953642384,24.657361280102847
2023-07-04,7,Paid Search,Cross-sell,28560,1539,717.39,AED,0.05388655462184874,0.46614035087719297,25.118697478991596
2023-07-05,7,Paid Search,Cross-sell,34489,1336,1002.11,AED,0.038736988605062486,0.7500823353293413,29.05593087651135
2023-07-06,7,Paid Search,Cross-sell,27497,1291,934.94,AED,0.04695057642651926,0.7241982958946553,34.00152743935702
2023-07-07,7,Paid Search,Cross-sell,44435,3004,1114.47,AED,0.06760436592775965,0.3709953395472703,25.080904692247106
2023-07-08,7,Paid Search,Cross-sell,52143,3117,840.87,AED,0.05977791841666187,0.2697690086621752,16.126229791151257
2023-07-09,7,Paid Search,Cross-sell,94460,5230,927.46,AED,0.0553673512597925,0.17733460803059273,9.818547533347449
2023-07-10,7,Paid Search,Cross-sell,115080,7538,1062.77,AED,0.06550225929787974,0.1409883258158663,9.235053875564823
2023-07-11,7,Paid Search,Cross-sell,20280,1397,695.31,AED,0.06888560157790927,0.4977165354330708,34.285502958579876
2023-07-12,7,Paid Search,Cross-sell,28998,1039,825.67,AED,0.035830057245327264,0.7946775745909528,28.473342989171666
2023-07-13,7,Paid Search,Cross-sell,110757,5130,952.22,AED,0.046317614236571956,0.18561793372319688,8.597379849580612
2023-07-14,7,Paid Search,Cross-sell,42075,2129,1112.86,AED,0.050600118835412954,0.5227148896195396,26.44943553178847
2023-07-15,7,Paid Search,Cross-sell,57989,4053,892.34,AED,0.06989256583145079,0.22016777695534173,15.388090844815396
2023-07-16,7,Paid Search,Cross-sell,56811,3568,705.48,AED,0.0628047385189488,0.19772421524663678,12.418017637429372
2023-07-17,7,Paid Search,Cross-sell,22596,965,603.98,AED,0.04270667374756594,0.6258860103626943,26.729509647725262
2023-07-18,7,Paid Search,Cross-sell,36389,1621,934.18,AED,0.04454642886586606,0.5762985811227637,25.672043749484732
2023-07-19,7,Paid Search,Cross-sell,24499,986,824.97,AED,0.040246540675129595,0.836683569979716,33.673619331401284
2023-07-20,7,Paid Search,Cross-sell,51163,2934,989.12,AED,0.05734612903856302,0.3371233810497614,19.332720911596272
2023-07-21,7,Paid Search,Cross-sell,47388,2113,887.82,AED,0.0445893475141386,0.4201703738760057,18.735122815902763
2023-07-22,7,Paid Search,Cross-sell,27848,1198,895.06,AED,0.04301924734271761,0.7471285475792988,32.14090778511922
2023-07-23,7,Paid Search,Cross-sell,67917,2451,934.12,AED,0.03608816643844693,0.38111791105671156,13.75384660688782
2023-07-24,7,Paid Search,Cross-sell,23359,1204,732.04,AED,0.05154330236739586,0.6080066445182724,31.33867031979109
2023-07-25,7,Paid Search,Cross-sell,32113,1332,1096.4,AED,0.04147852894466415,0.8231231231231232,34.141936287484825
2023-07-26,7,Paid Search,Cross-sell,32884,2123,947.55,AED,0.06456027247293517,0.44632595383890716,28.81492519158253
2023-07-27,7,Paid Search,Cross-sell,33732,1919,962.97,AED,0.05688960037946164,0.5018082334549244,28.547669868374246
2023-07-28,7,Paid Search,Cross-sell,31443,1630,927.79,AED,0.05183983716566486,0.5691963190184048,29.507044493209936
2023-07-29,7,Paid Search,Cross-sell,89284,3516,997.07,AED,0.03937995609515703,0.2835807736063709,11.16739841404955
2023-07-30,7,Paid Search,Cross-sell,60368,3151,809.79,AED,0.052196527961834084,0.25699460488733733,13.414226080042406
2023-07-31,7,Paid Search,Cross-sell,117600,6511,1144.68,AED,0.055365646258503404,0.1758070956842267,9.733673469387757
2023-08-01,7,Paid Search,Cross-sell,61958,3155,1014.87,AED,0.05092159204622486,0.3216703645007924,16.3799670744698
2023-08-02,7,Paid Search,Cross-sell,97789,3670,813.0,AED,0.037529783513483114,0.2215258855585831,8.313818527646259
2023-08-03,7,Paid Search,Cross-sell,34713,1569,840.08,AED,0.04519920490882379,0.5354238368387508,24.20073171434333
2023-08-04,7,Paid Search,Cross-sell,21429,1395,573.56,AED,0.06509869802603947,0.41115412186379924,26.765598021372906
2023-08-05,7,Paid Search,Cross-sell,53009,3685,770.5,AED,0.06951649719858892,0.20909090909090908,14.535267596068591
2023-08-06,7,Paid Search,Cross-sell,75524,3962,894.77,AED,0.052460145119432235,0.2258379606259465,11.847492187913776
2023-08-07,7,Paid Search,Cross-sell,47790,1688,1104.46,AED,0.03532119690311781,0.6543009478672986,23.11069261351747
2023-08-08,7,Paid Search,Cross-sell,60651,3221,1019.83,AED,0.0531071210697268,0.31661906240298043,16.814726880018465
2023-08-09,7,Paid Search,Cross-sell,97545,3682,867.81,AED,0.03774668101901686,0.2356898424769147,8.896509303398432
2023-08-10,7,Paid Search,Cross-sell,43224,1713,809.03,AED,0.039630760688506385,0.47228838295388204,18.71714788080696
2021-08-23,8,Paid Search,Cross-sell,38633,1622,1144.15,AED,0.04198483162063521,0.7053945745992602,29.61587244065954
2021-08-24,8,Paid Search,Cross-sell,78883,3049,987.78,AED,0.03865218107830585,0.32396851426697276,12.522089677116742
2021-08-25,8,Paid Search,Cross-sell,123159,8346,1090.31,AED,0.06776605850973132,0.1306386292834891,8.852864995656022
2021-08-26,8,Paid Search,Cross-sell,109126,5886,1026.14,AED,0.053937650055898685,0.17433571185864766,9.403258618477723
2021-08-27,8,Paid Search,Cross-sell,36492,2301,995.53,AED,0.0630549161460046,0.4326510212950891,27.280773868245095
2021-08-28,8,Paid Search,Cross-sell,55597,3531,954.34,AED,0.0635106210766768,0.27027470971396206,17.16531467525226
2021-08-29,8,Paid Search,Cross-sell,53393,3071,1079.23,AED,0.057516902964808124,0.3514262455226311,20.212949263012007
2021-08-30,8,Paid Search,Cross-sell,41771,2531,927.86,AED,0.06059227693854588,0.3665981825365468,22.21301860142204
2021-08-31,8,Paid Search,Cross-sell,25781,1100,813.1,AED,0.04266708040805244,0.7391818181818182,31.538730072534037
2021-09-01,8,Paid Search,Cross-sell,24331,1138,835.74,AED,0.046771608236406234,0.7343936731107206,34.34877317003
2021-09-02,8,Paid Search,Cross-sell,37689,1976,971.83,AED,0.05242909071612407,0.4918168016194332,25.785507707819256
2021-09-03,8,Paid Search,Cross-sell,35816,2155,823.6,AED,0.06016863971409426,0.38218097447795824,22.995309358945722
2021-09-04,8,Paid Search,Cross-sell,67695,3981,906.29,AED,0.058807888322623535,0.22765385581512182,13.387842528990324
2021-09-05,8,Paid Search,Cross-sell,92204,3326,917.38,AED,0.03607218775758102,0.27582080577269996,9.949459893280117
2021-09-06,8,Paid Search,Cross-sell,27553,1665,866.36,AED,0.06042899139839582,0.5203363363363364,31.443399992741263
2021-09-07,8,Paid Search,Cross-sell,24082,1201,675.6,AED,0.049871273150070596,0.5625312239800166,28.05414832655095
2021-09-08,8,Paid Search,Cross-sell,21215,772,735.46,AED,0.036389347160028285,0.9526683937823834,34.666980909733674
2021-09-09,8,Paid Search,Cross-sell,22388,1237,703.21,AED,0.05525281400750402,0.568480194017785,31.410130427014472
2021-09-10,8,Paid Search,Cross-sell,53394,3501,1128.77,AED,0.0655691650747275,0.3224135961153956,21.140390306026895
2021-09-11,8,Paid Search,Cross-sell,25963,1291,839.12,AED,0.04972460809613681,0.6499767621998451,32.31983977198321
2021-09-12,8,Paid Search,Cross-sell,30316,1284,989.33,AED,0.04235387254255179,0.770506230529595,32.63392268109249
2021-09-13,8,Paid Search,Cross-sell,27722,1583,688.07,AED,0.05710266214558834,0.43466203411244475,24.820359281437128
2021-09-14,8,Paid Search,Cross-sell,29881,1996,816.59,AED,0.066798299923028,0.4091132264529058,27.328068003078883
2021-09-15,8,Paid Search,Cross-sell,74283,3217,954.65,AED,0.04330735161477054,0.2967516319552378,12.85152726734246
2021-09-16,8,Paid Search,Cross-sell,61171,4005,897.7,AED,0.06547220087950173,0.22414481897627966,14.675254614114532
2021-09-17,8,Paid Search,Cross-sell,52921,2805,1059.67,AED,0.053003533568904596,0.3777789661319073,20.023620112998625
2021-09-18,8,Paid Search,Cross-sell,85092,4142,1056.43,AED,0.04867672636675598,0.25505311443746986,12.415150660461618
2021-09-19,8,Paid Search,Cross-sell,19488,858,665.99,AED,0.044027093596059115,0.7762121212121212,34.17436371100165
2021-09-20,8,Paid Search,Cross-sell,25140,995,726.15,AED,0.039578361177406526,0.7297989949748743,28.884248210023863
2021-09-21,8,Paid Search,Cross-sell,30950,1574,1058.06,AED,0.0508562197092084,0.6722109275730622,34.186106623586426
2021-09-22,8,Paid Search,Cross-sell,53309,3412,911.54,AED,0.06400420191712469,0.2671570926143024,17.099176499277792
2021-09-23,8,Paid Search,Cross-sell,37064,1619,727.73,AED,0.04368120008633715,0.4494935145151328,19.63441614504641
2021-09-24,8,Paid Search,Cross-sell,88249,3606,1104.01,AED,0.04086165282326145,0.306159179145868,12.510170086913167
2021-09-25,8,Paid Search,Cross-sell,113021,6868,1016.08,AED,0.06076746799267393,0.1479440885264997,8.99018766423939
2021-09-26,8,Paid Search,Cross-sell,27853,1760,857.68,AED,0.06318888450077191,0.4873181818181818,30.793092306035255
2021-09-27,8,Paid Search,Cross-sell,49648,3246,1181.87,AED,0.06538027715114406,0.3641004313000616,23.80498710924911
2021-09-28,8,Paid Search,Cross-sell,56672,2096,866.14,AED,0.03698475437605872,0.41323473282442746,15.2833850931677
2021-09-29,8,Paid Search,Cross-sell,39147,2653,874.61,AED,0.06777019950443201,0.3296683000376932,22.34168646384142
2021-09-30,8,Paid Search,Cross-sell,60484,3190,1000.19,AED,0.05274122081872892,0.31353918495297806,16.536439388929306
2023-10-09,9,Social,Retention,56917,1391,519.23,AED,0.02443909552506281,0.3732782171099928,9.12258200537625
2023-10-10,9,Social,Retention,29482,1045,597.84,AED,0.03544535648870497,0.5720956937799043,20.278135811681704
2023-10-11,9,Social,Retention,26082,1043,552.91,AED,0.039989264626945784,0.5301150527325024,21.198911126447356
2023-10-12,9,Social,Retention,45573,1832,612.96,AED,0.040199240778531146,0.334585152838428,13.450069119873609
2023-10-13,9,Social,Retention,12975,296,443.61,AED,0.022813102119460502,1.4986824324324324,34.18959537572255
2023-10-14,9,Social,Retention,15153,383,476.42,AED,0.025275522998746122,1.2439164490861618,31.440638817395893
2023-10-15,9,Social,Retention,25335,1143,676.49,AED,0.045115452930728245,0.5918547681539807,26.701795934477996
2023-10-16,9,Social,Retention,25086,966,537.45,AED,0.03850753408275532,0.5563664596273292,21.424300406601294
2023-10-17,9,Social,Retention,17621,654,554.37,AED,0.03711480619715113,0.8476605504587156,31.460757051245672
2023-10-18,9,Social,Retention,44327,1762,612.75,AED,0.039750039479324116,0.3477582292849035,13.82340334333476
2023-10-19,9,Social,Retention,33227,1313,619.18,AED,0.03951605621933969,0.47157654226961154,18.63484515604779
2023-10-20,9,Social,Retention,15705,336,549.45,AED,0.02139446036294174,1.6352678571428574,34.98567335243553
2023-10-21,9,Social,Retention,13556,436,466.13,AED,0.03216287990557687,1.069105504587156,34.385511950427855
2023-10-22,9,Social,Retention,23635,996,550.93,AED,0.04214089274381214,0.5531425702811245,23.309921726253435
2023-10-23,9,Social,Retention,17618,565,558.86,AED,0.03206947440118061,0.9891327433628319,31.72096719264389
2023-10-24,9,Social,Retention,20775,890,619.37,AED,0.042839951865222624,0.6959213483146067,29.81323706377858
2023-10-25,9,Social,Retention,14515,479,428.81,AED,0.033000344471236655,0.8952192066805845,29.54254219772649
2023-10-26,9,Social,Retention,22631,456,513.76,AED,0.02014935265785869,1.1266666666666667,22.701603994520788
2023-10-27,9,Social,Retention,31943,990,535.49,AED,0.03099270575712989,0.5408989898989899,16.763923238268166
2023-10-28,9,Social,Retention,35222,1178,651.3,AED,0.03344500596218273,0.5528862478777589,18.491283856680486
2023-10-29,9,Social,Retention,31832,993,458.82,AED,0.031195023875345566,0.46205438066465254,14.413797436541845
2023-10-30,9,Social,Retention,26492,898,655.05,AED,0.03389702551713725,0.7294543429844097,24.726332477729123
2023-10-31,9,Social,Retention,33154,1521,605.21,AED,0.04587681727694999,0.3979026955950033,18.254509259817823
2023-11-01,9,Social,Retention,37796,1142,328.54,AED,0.03021483754894698,0.28768826619964977,8.692454227960631
2023-11-02,9,Social,Retention,38664,1235,706.21,AED,0.031941858059176494,0.57182995951417,18.26531140078626
2023-11-03,9,Social,Retention,24830,1066,606.21,AED,0.04293193717277487,0.5686772983114446,24.414418042690297
2023-11-04,9,Social,Retention,23970,995,717.94,AED,0.04151022110972048,0.7215477386934674,29.95160617438465
2023-11-05,9,Social,Retention,40169,1920,585.43,AED,0.04779805322512385,0.30491145833333333,14.5741741143668
2023-11-06,9,Social,Retention,56897,2732,547.76,AED,0.04801659138443152,0.200497803806735,9.627221118863911
2023-11-07,9,Social,Retention,22073,611,466.15,AED,0.02768087708965705,0.7629296235679214,21.11856113804195
2023-11-08,9,Social,Retention,32085,937,503.47,AED,0.02920367773102696,0.5373212379935967,15.691756272401436
2023-11-09,9,Social,Retention,32902,1260,539.78,AED,0.038295544343808885,0.4283968253968254,16.405689623731078
2023-11-10,9,Social,Retention,23241,654,635.34,AED,0.02813992513230928,0.9714678899082569,27.337033690460824
2023-11-11,9,Social,Retention,34762,1405,448.13,AED,0.040417697485760316,0.31895373665480425,12.89137564006674
2023-11-12,9,Social,Retention,39374,1407,507.88,AED,0.035734240869609385,0.3609665955934613,12.898867272819627
2023-11-13,9,Social,Retention,20507,567,478.18,AED,0.027649095430828496,0.8433509700176367,23.31789145169942
2023-11-14,9,Social,Retention,16200,559,550.8,AED,0.034506172839506175,0.9853309481216457,33.99999999999999
2023-11-15,9,Social,Retention,59228,2309,543.25,AED,0.038984939555615584,0.23527501082719793,9.172182076045114
2023-11-16,9,Social,Retention,18794,715,633.14,AED,0.03804405661381292,0.8855104895104895,33.68841119506225
2023-11-17,9,Social,Retention,37395,985,529.45,AED,0.026340419842224898,0.53751269035533,14.15830993448322
2023-11-18,9,Social,Retention,21586,697,528.79,AED,0.03228944686370796,0.7586657101865136,24.49689613638469
2023-11-19,9,Social,Retention,14704,415,427.53,AED,0.02822361262241567,1.0301927710843373,29.075761697497278
2023-11-20,9,Social,Retention,15589,509,470.97,AED,0.03265122843030342,0.9252848722986248,30.211687728526528
2023-11-21,9,Social,Retention,19018,638,472.5,AED,0.03354716584288569,0.7405956112852664,24.844883794300138
2023-11-22,9,Social,Retention,22970,575,547.59,AED,0.02503265128428385,0.9523304347826087,23.839355681323465
2023-11-23,9,Social,Retention,41550,950,575.56,AED,0.02286401925391095,0.6058526315789473,13.852226233453669
2023-11-24,9,Social,Retention,64621,2536,558.22,AED,0.039244208539019824,0.22011829652996848,8.638368332275887
2023-11-25,9,Social,Retention,42178,1338,601.58,AED,0.03172269903741287,0.449611360239163,14.262885864668785
2023-11-26,9,Social,Retention,29099,1015,699.87,AED,0.03488092374308396,0.6895270935960591,24.05134197051445
2023-11-27,9,Social,Retention,23629,981,462.23,AED,0.04151678022768632,0.4711824668705403,19.561978924203313
2023-11-28,9,Social,Retention,24528,1219,654.82,AED,0.0496983039791259,0.5371780147662019,26.69683626875408
2023-11-29,9,Social,Retention,37036,828,570.45,AED,0.022356625985527595,0.6889492753623189,15.402581272275624
2023-11-30,9,Social,Retention,63413,2969,653.97,AED,0.04682005267058805,0.22026608285618055,10.312869600870485
2023-12-01,9,Social,Retention,33975,1041,479.73,AED,0.0306401766004415,0.46083573487031704,14.12008830022075
2023-12-02,9,Social,Retention,45125,1605,445.59,AED,0.03556786703601108,0.27762616822429903,9.874570637119113
2023-12-03,9,Social,Retention,17127,676,544.02,AED,0.03946984293805103,0.8047633136094674,31.763881590471186
2023-12-04,9,Social,Retention,17996,535,402.93,AED,0.02972882862858413,0.7531401869158879,22.389975550122248
2023-12-05,9,Social,Retention,17863,711,622.38,AED,0.039802944634159995,0.8753586497890296,34.841851872585785
2023-12-06,9,Social,Retention,18656,782,430.23,AED,0.04191680960548885,0.5501662404092071,23.061213550600343
2023-12-07,9,Social,Retention,20274,987,470.01,AED,0.04868304232021308,0.47620060790273555,23.182894347440072
2023-12-08,9,Social,Retention,40932,1665,521.2,AED,0.04067722075637643,0.31303303303303304,12.73331378872276
2023-12-09,9,Social,Retention,50795,1702,538.95,AED,0.033507234964071264,0.31665687426556993,10.610296289004824
2023-12-10,9,Social,Retention,14573,443,414.14,AED,0.030398682495025045,0.9348532731376975,28.418307829547793
2023-12-11,9,Social,Retention,18515,500,611.63,AED,0.027005130974885227,1.22326,33.0342965163381
2023-12-12,9,Social,Retention,30541,750,573.62,AED,0.02455715268000393,0.7648266666666667,18.781965227071808
2023-12-13,9,Social,Retention,28153,1089,621.23,AED,0.038681490427307924,0.5704591368227732,22.066209640180443
2023-12-14,9,Social,Retention,51580,2200,536.77,AED,0.04265219077161691,0.24398636363636364,10.406552927491276
2023-12-15,9,Social,Retention,18414,759,536.12,AED,0.04121863799283154,0.7063504611330699,29.11480395351363
2023-12-16,9,Social,Retention,57213,1664,513.57,AED,0.02908429902294933,0.30863581730769235,8.976456399769285
2023-12-17,9,Social,Retention,44724,2151,463.63,AED,0.04809498255969949,0.21554160855416085,10.36646990430194
2023-12-18,9,Social,Retention,18326,534,420.64,AED,0.029138928298592163,0.7877153558052434,22.953181272509006
2023-12-19,9,Social,Retention,18111,642,438.6,AED,0.03544807023355972,0.683177570093458,24.217326486665563
2023-12-20,9,Social,Retention,10841,378,355.86,AED,0.03486763213725671,0.9414285714285715,32.825385112074535
2023-12-21,9,Social,Retention,29110,1348,532.04,AED,0.046307110958433526,0.3946884272997032,18.276880796976982
2023-12-22,9,Social,Retention,16470,727,517.8,AED,0.044140862173649056,0.712242090784044,31.438979963570127
2023-12-23,9,Social,Retention,46433,1490,472.92,AED,0.03208924687183684,0.3173959731543624,10.184997738677234
2023-12-24,9,Social,Retention,47598,1944,603.8,AED,0.040842052187066685,0.31059670781893,12.685406949871842
2023-12-25,9,Social,Retention,20857,931,527.82,AED,0.04463729203624683,0.5669387755102041,25.30661168912116
2023-12-26,9,Social,Retention,45332,2078,524.87,AED,0.04583958351716227,0.2525842155919153,11.578355245742522
2023-12-27,9,Social,Retention,21487,922,523.62,AED,0.042909666309861774,0.5679175704989154,24.36915344161586
2023-12-28,9,Social,Retention,46386,1627,590.07,AED,0.03507523821842797,0.36267363245236633,12.720864053809342
2023-12-29,9,Social,Retention,24639,543,441.62,AED,0.02203823207110678,0.8132965009208103,17.92361702991193
2023-12-30,9,Social,Retention,57667,1387,501.53,AED,0.02405188409315553,0.36159336697909156,8.697001751434962
2022-09-01,10,Email,Cross-sell,5328,275,181.59,AED,0.05161411411411412,0.6603272727272728,34.082207207207205
2022-09-02,10,Email,Cross-sell,11838,654,194.37,AED,0.055245818550430814,0.29720183486238533,16.419158641662445
2022-09-03,10,Email,Cross-sell,6113,249,154.69,AED,0.04073286438737118,0.6212449799196788,25.3050875184034
2022-09-04,10,Email,Cross-sell,7124,445,176.17,AED,0.062464907355418306,0.3958876404494382,24.729084783829308
2022-09-05,10,Email,Cross-sell,18212,1452,174.3,AED,0.07972765209751811,0.1200413223140496,9.570612782780584
2022-09-06,10,Email,Cross-sell,23045,1492,220.32,AED,0.06474289433716642,0.14766756032171582,9.560425254935994
2022-09-07,10,Email,Cross-sell,6125,202,163.49,AED,0.03297959183673469,0.8093564356435644,26.692244897959185
2022-09-08,10,Email,Cross-sell,7901,630,171.89,AED,0.07973674218453361,0.27284126984126983,21.755473990634098
2022-09-09,10,Email,Cross-sell,11793,721,191.86,AED,0.06113796319850759,0.26610263522884886,16.26897311964725
2022-09-10,10,Email,Cross-sell,9546,489,212.22,AED,0.05122564424890006,0.43398773006134966,22.23130106851037
2022-09-11,10,Email,Cross-sell,7983,404,143.14,AED,0.05060754102467744,0.3543069306930693,17.930602530377048
2022-09-12,10,Email,Cross-sell,5734,382,173.99,AED,0.06662016044645971,0.4554712041884817,30.343564701778863
2022-09-13,10,Email,Cross-sell,19310,830,164.49,AED,0.04298291040911445,0.19818072289156627,8.51838425686173
2022-09-14,10,Email,Cross-sell,3858,142,110.08,AED,0.0368066355624676,0.7752112676056337,28.532918610679108
2022-09-15,10,Email,Cross-sell,16826,707,140.12,AED,0.04201830500416023,0.1981895332390382,8.32758825627006
2022-09-16,10,Email,Cross-sell,5386,377,185.01,AED,0.06999628666914222,0.49074270557029176,34.3501670998886
2022-09-17,10,Email,Cross-sell,16387,940,179.65,AED,0.057362543479587476,0.19111702127659574,10.962958442667968
2022-09-18,10,Email,Cross-sell,9656,697,195.71,AED,0.0721830985915493,0.2807890961262554,20.268227009113506
2022-09-19,10,Email,Cross-sell,14879,687,179.32,AED,0.04617245782646683,0.261018922852984,12.051885207339204
2022-09-20,10,Email,Cross-sell,5548,298,154.85,AED,0.05371304974765681,0.5196308724832215,27.910958904109588
2022-09-21,10,Email,Cross-sell,7008,485,143.01,AED,0.0692066210045662,0.29486597938144327,20.406678082191778
2022-09-22,10,Email,Cross-sell,4253,330,136.48,AED,0.07759228779684928,0.41357575757575754,32.090289207618156
2022-09-23,10,Email,Cross-sell,6094,316,161.99,AED,0.051854282901214306,0.512626582278481,26.581883820150967
2022-09-24,10,Email,Cross-sell,13992,1008,208.15,AED,0.07204116638078903,0.2064980158730159,14.876357918810749
2022-09-25,10,Email,Cross-sell,9236,690,238.33,AED,0.0747076656561282,0.3454057971014493,25.804460805543524
2022-09-26,10,Email,Cross-sell,6498,394,163.7,AED,0.06063404124345952,0.41548223350253805,25.192366882117575
2022-09-27,10,Email,Cross-sell,15009,1003,180.93,AED,0.06682657072423212,0.1803888334995015,12.05476713971617
2022-09-28,10,Email,Cross-sell,7316,468,159.71,AED,0.06396938217605248,0.3412606837606838,21.83023510114817
2022-09-29,10,Email,Cross-sell,17149,524,170.19,AED,0.03055571753455012,0.32479007633587786,9.924193830544056
2022-09-30,10,Email,Cross-sell,5470,365,185.05,AED,0.06672760511882998,0.506986301369863,33.82998171846435
2022-10-01,10,Email,Cross-sell,8237,566,143.68,AED,0.0687143377443244,0.25385159010600705,17.443243899477967
2022-10-02,10,Email,Cross-sell,5948,233,153.82,AED,0.039172831203765975,0.6601716738197425,25.860793544048416
2022-10-03,10,Email,Cross-sell,13993,434,212.09,AED,0.031015507753876938,0.48868663594470046,15.156864146358895
2022-10-04,10,Email,Cross-sell,19521,1530,199.48,AED,0.07837713231904103,0.13037908496732026,10.218738794119155
2022-10-05,10,Email,Cross-sell,8323,408,206.96,AED,0.049020785774360205,0.5072549019607844,24.866033882013696
2022-10-06,10,Email,Cross-sell,11776,424,159.62,AED,0.036005434782608696,0.3764622641509434,13.5546875
2022-10-07,10,Email,Cross-sell,8506,480,215.93,AED,0.05643075476134493,0.44985416666666667,25.385610157535858
2022-10-08,10,Email,Cross-sell,21360,1675,195.08,AED,0.07841760299625468,0.11646567164179106,9.132958801498129
2022-10-09,10,Email,Cross-sell,4720,283,162.68,AED,0.059957627118644066,0.5748409893992933,34.46610169491526
2022-10-10,10,Email,Cross-sell,8645,582,205.12,AED,0.06732215153267784,0.35243986254295534,23.72700983227299
2022-10-11,10,Email,Cross-sell,16982,796,194.6,AED,0.04687315981627606,0.24447236180904522,11.45919208573784
2022-10-12,10,Email,Cross-sell,6323,260,209.03,AED,0.04111972165111498,0.8039615384615385,33.058674679740626
2022-10-13,10,Email,Cross-sell,7644,463,151.84,AED,0.060570381998953426,0.3279481641468683,19.863945578231295
2022-10-14,10,Email,Cross-sell,3793,159,126.95,AED,0.04191932507250198,0.7984276729559748,33.46954916952281
2022-10-15,10,Email,Cross-sell,5449,339,174.09,AED,0.06221325013763993,0.5135398230088496,31.9489814644889
2022-10-16,10,Email,Cross-sell,10978,777,172.58,AED,0.07077791947531427,0.22211068211068213,15.720531973036984
2022-10-17,10,Email,Cross-sell,6184,327,175.55,AED,0.0528783958602846,0.5368501529051988,28.387774902975423
2022-10-18,10,Email,Cross-sell,6106,405,187.69,AED,0.06632820176875205,0.46343209876543207,30.738617753029807
2022-10-19,10,Email,Cross-sell,15477,886,197.97,AED,0.057246236350713964,0.22344243792325055,12.791238612134135
2022-10-20,10,Email,Cross-sell,6122,470,211.76,AED,0.07677229663508657,0.4505531914893617,34.590003266906244
2022-10-21,10,Email,Cross-sell,6345,258,190.86,AED,0.04066193853427896,0.7397674418604652,30.080378250591018
2022-10-22,10,Email,Cross-sell,7501,540,162.47,AED,0.07199040127982935,0.30087037037037034,21.65977869617384
2022-11-02,11,Affiliate,Reactivation,15313,424,366.59,AED,0.027688891791288448,0.8645990566037736,23.93978972115196
2022-11-03,11,Affiliate,Reactivation,27430,798,439.82,AED,0.02909223477943857,0.5511528822055137,16.034269048487058
2022-11-04,11,Affiliate,Reactivation,15486,526,389.96,AED,0.03396616298592277,0.7413688212927756,25.181454216711867
2022-11-05,11,Affiliate,Reactivation,30060,797,370.4,AED,0.026513639387890885,0.4647427854454203,12.32202262142382
2022-11-06,11,Affiliate,Reactivation,11464,230,339.38,AED,0.020062805303558966,1.4755652173913043,29.6039776692254
2022-11-07,11,Affiliate,Reactivation,13297,443,305.67,AED,0.03331578551552982,0.6900000000000001,22.987892005715576
2022-11-08,11,Affiliate,Reactivation,16340,565,287.51,AED,0.03457772337821297,0.5088672566371681,17.59547123623011
2022-11-09,11,Affiliate,Reactivation,16274,246,373.73,AED,0.01511613616812093,1.5192276422764228,22.964851911023718
2022-11-10,11,Affiliate,Reactivation,9126,220,309.11,AED,0.02410694718387026,1.4050454545454547,33.87135656366426
2022-11-11,11,Affiliate,Reactivation,22845,427,384.43,AED,0.018691179689209893,0.9003044496487119,16.827752243379297
2022-11-12,11,Affiliate,Reactivation,11126,269,388.33,AED,0.024177602013302175,1.4436059479553902,34.902930073701235
2022-11-13,11,Affiliate,Reactivation,16446,543,330.77,AED,0.033017147026632616,0.6091528545119705,20.112489359114676
2022-11-14,11,Affiliate,Reactivation,19501,493,362.17,AED,0.02528075483308548,0.7346247464503043,18.571868109327728
2022-11-15,11,Affiliate,Reactivation,14912,224,399.38,AED,0.015021459227467811,1.7829464285714285,26.782457081545065
2022-11-16,11,Affiliate,Reactivation,9176,158,270.18,AED,0.017218831734960766,1.71,29.444202266782913
2022-11-17,11,Affiliate,Reactivation,17449,471,416.72,AED,0.026992950885437562,0.884755838641189,23.882170898045736
2022-11-18,11,Affiliate,Reactivation,13555,393,320.71,AED,0.02899299151604574,0.8160559796437659,23.659904094430097
2022-11-19,11,Affiliate,Reactivation,15561,468,360.06,AED,0.03007518796992481,0.7693589743589744,23.13861577019472
2022-11-20,11,Affiliate,Reactivation,26442,942,404.18,AED,0.03562514181983208,0.42906581740976646,15.285530595265108
2022-11-21,11,Affiliate,Reactivation,17783,301,381.5,AED,0.016926277905865154,1.2674418604651163,21.45307315975932
2022-11-22,11,Affiliate,Reactivation,11695,382,341.42,AED,0.03266353142368533,0.8937696335078534,29.193672509619496
2022-11-23,11,Affiliate,Reactivation,11147,311,326.54,AED,0.02789988337669328,1.0499678456591641,29.293980443168568
2022-11-24,11,Affiliate,Reactivation,17220,445,290.36,AED,0.02584204413472706,0.6524943820224719,16.86178861788618
2022-11-25,11,Affiliate,Reactivation,32735,671,340.19,AED,0.020497937986864213,0.50698956780924,10.392240720940888
2022-11-26,11,Affiliate,Reactivation,12298,471,429.9,AED,0.03829891039193365,0.9127388535031846,34.956903561554725
2022-11-27,11,Affiliate,Reactivation,15129,386,383.52,AED,0.025513913675722123,0.9935751295336787,25.349990085266707
2022-11-28,11,Affiliate,Reactivation,37027,934,414.53,AED,0.025224835930537176,0.4438222698072805,11.195343938207253
2022-11-29,11,Affiliate,Reactivation,12419,305,380.96,AED,0.024559143248248653,1.2490491803278687,30.67557774377969
2022-11-30,11,Affiliate,Reactivation,34620,832,449.41,AED,0.024032351242056615,0.54015625,12.981224725592144
2022-12-01,11,Affiliate,Reactivation,25333,396,431.47,AED,0.015631784628745114,1.0895707070707072,17.031934630718826
2022-12-02,11,Affiliate,Reactivation,22269,857,357.77,AED,0.0384839911985271,0.4174679113185531,16.06583142485069
2022-12-03,11,Affiliate,Reactivation,17160,441,257.42,AED,0.0256993006993007,0.583718820861678,15.001165501165502
2022-12-04,11,Affiliate,Reactivation,18524,501,377.36,AED,0.027045994385661843,0.7532135728542915,20.371410062621464
2022-12-05,11,Affiliate,Reactivation,27781,472,322.37,AED,0.016990029156617834,0.6829872881355933,11.603973939023073
2022-12-06,11,Affiliate,Reactivation,17626,585,348.92,AED,0.03318960626347441,0.5964444444444444,19.79575626914785
2022-12-07,11,Affiliate,Reactivation,15469,293,443.5,AED,0.018941108022496607,1.5136518771331058,28.670243713232917
2022-12-08,11,Affiliate,Reactivation,10530,330,297.89,AED,0.03133903133903134,0.9026969696969697,28.289648622981954
2022-12-09,11,Affiliate,Reactivation,10825,181,366.22,AED,0.01672055427251732,2.023314917127072,33.83094688221709
2022-12-10,11,Affiliate,Reactivation,22905,485,345.1,AED,0.021174416066361057,0.7115463917525774,15.066579349487013
2022-12-11,11,Affiliate,Reactivation,10461,222,339.66,AED,0.02122168052767422,1.53,32.46917120734156
2022-12-12,11,Affiliate,Reactivation,19777,680,398.38,AED,0.034383374627092074,0.5858529411764706,20.143601152854327
2022-12-13,11,Affiliate,Reactivation,31556,857,308.15,AED,0.027158068196222587,0.3595682613768961,9.765179363670935
2022-12-14,11,Affiliate,Reactivation,12829,481,222.96,AED,0.037493179515160964,0.4635343035343035,17.379374853846752
2022-12-15,11,Affiliate,Reactivation,46199,1459,396.82,AED,0.03158077014653997,0.2719808087731323,8.589363406134332
2022-12-16,11,Affiliate,Reactivation,10628,173,353.88,AED,0.01627775686864885,2.045549132947977,33.296951449002634
2022-12-17,11,Affiliate,Reactivation,19551,420,377.48,AED,0.021482277121374866,0.8987619047619048,19.30745230422996
2022-12-18,11,Affiliate,Reactivation,29374,855,392.11,AED,0.02910737386804657,0.45860818713450296,13.348879961871042
2022-12-19,11,Affiliate,Reactivation,13857,544,284.45,AED,0.03925813668182146,0.5228860294117647,20.527531211661973
2022-12-20,11,Affiliate,Reactivation,23959,449,265.48,AED,0.018740348094661713,0.5912694877505569,11.080596018197756
2022-12-21,11,Affiliate,Reactivation,29224,621,411.58,AED,0.021249657815494115,0.6627697262479871,14.083629893238433
2022-12-22,11,Affiliate,Reactivation,16307,291,360.9,AED,0.017845097197522537,1.2402061855670101,22.13159992641197
2022-12-23,11,Affiliate,Reactivation,13154,435,410.73,AED,0.0330697886574426,0.9442068965517242,31.22472251786529
2022-12-24,11,Affiliate,Reactivation,15860,270,359.64,AED,0.017023959646910468,1.3319999999999999,22.67591424968474
2022-12-25,11,Affiliate,Reactivation,16249,440,331.07,AED,0.027078589451658565,0.7524318181818181,20.374792294910456
2022-12-26,11,Affiliate,Reactivation,18226,461,373.31,AED,0.025293536705804896,0.8097830802603037,20.482278064303742
2022-12-27,11,Affiliate,Reactivation,15556,445,397.87,AED,0.028606325533556184,0.8940898876404495,25.576626382103367
2022-12-28,11,Affiliate,Reactivation,11804,312,351.46,AED,0.02643171806167401,1.1264743589743589,29.774652660115215
2022-12-29,11,Affiliate,Reactivation,33192,1150,312.1,AED,0.034646902868161,0.2713913043478261,9.402868161002653
2022-12-30,11,Affiliate,Reactivation,25421,591,316.42,AED,0.023248495338499667,0.5353976311336718,12.447189331654933
2022-12-31,11,Affiliate,Reactivation,10845,303,308.36,AED,0.02793914246196404,1.0176897689768978,28.433379437528817
2023-01-01,11,Affiliate,Reactivation,11570,425,367.34,AED,0.03673292999135696,0.8643294117647058,31.749351771823676
2023-01-02,11,Affiliate,Reactivation,23332,613,337.1,AED,0.026272929881707527,0.5499184339314845,14.447968455340305
2023-01-03,11,Affiliate,Reactivation,17599,483,396.78,AED,0.027444741178476048,0.8214906832298136,22.545599181771692
2023-01-04,11,Affiliate,Reactivation,31920,1002,346.27,AED,0.031390977443609025,0.34557884231536923,10.848057644110275
2023-01-05,11,Affiliate,Reactivation,11331,443,327.96,AED,0.03909628452916777,0.7403160270880361,28.943606036536934
2023-01-06,11,Affiliate,Reactivation,30419,854,410.72,AED,0.0280745586639929,0.48093676814988295,13.502087511095041
2023-01-07,11,Affiliate,Reactivation,16896,521,398.67,AED,0.030835700757575756,0.7652015355086372,23.59552556818182
2023-01-08,11,Affiliate,Reactivation,10670,265,315.25,AED,0.02483598875351453,1.189622641509434,29.545454545454543
2023-01-09,11,Affiliate,Reactivation,28857,934,353.93,AED,0.03236649686384586,0.37894004282655247,12.264961707731228
2023-01-10,11,Affiliate,Reactivation,13433,307,395.18,AED,0.022854165115759696,1.2872312703583062,29.41859599493784
2023-01-11,11,Affiliate,Reactivation,25648,957,332.77,AED,0.03731285090455396,0.3477220480668756,12.974500935745477
2023-01-12,11,Affiliate,Reactivation,12824,241,329.15,AED,0.01879288833437305,1.3657676348547716,25.66671865252651
2023-01-13,11,Affiliate,Reactivation,44741,1658,458.76,AED,0.03705773228135267,0.2766948130277443,10.253682304821082
2023-01-14,11,Affiliate,Reactivation,9908,273,294.26,AED,0.027553492127573676,1.077875457875458,29.6992329430763
2021-01-20,12,Email,Acquisition,6175,391,213.49,AED,0.06331983805668016,0.5460102301790282,34.57327935222673
2021-01-21,12,Email,Acquisition,9179,351,230.73,AED,0.03823945963612594,0.6573504273504274,25.136725133456803
2021-01-22,12,Email,Acquisition,16962,519,210.0,AED,0.030597806862398304,0.4046242774566474,12.380615493455961
2021-01-23,12,Email,Acquisition,10730,604,248.02,AED,0.056290773532152845,0.4106291390728477,23.114631873252563
2021-01-24,12,Email,Acquisition,23152,1541,234.86,AED,0.06656012439530062,0.15240752757949386,10.14426399447132
2021-01-25,12,Email,Acquisition,17352,1265,226.63,AED,0.07290225910557861,0.17915415019762845,13.060742277547256
2021-01-26,12,Email,Acquisition,8151,372,221.53,AED,0.045638571954361426,0.595510752688172,27.178260336155073
2021-01-27,12,Email,Acquisition,12487,887,258.77,AED,0.07103387523023945,0.29173618940248025,20.723152078161284
2021-01-28,12,Email,Acquisition,6901,492,147.3,AED,0.07129401536009274,0.29939024390243907,21.3447326474424
2021-01-29,12,Email,Acquisition,11516,445,196.37,AED,0.0386418895449809,0.4412808988764045,17.051927752691906
2021-01-30,12,Email,Acquisition,22702,953,243.31,AED,0.04197868029248524,0.2553095487932844,10.717557924411945
2021-01-31,12,Email,Acquisition,19757,936,233.79,AED,0.04737561370653439,0.249775641025641,11.833274282532773
2021-02-01,12,Email,Acquisition,10492,640,268.42,AED,0.06099885627144491,0.41940625000000004,25.583301563095695
2021-02-02,12,Email,Acquisition,11740,846,205.62,AED,0.07206132879045997,0.24304964539007093,17.514480408858603
2021-02-03,12,Email,Acquisition,9121,331,229.15,AED,0.036289880495559694,0.6922960725075529,25.123341738844427
2021-02-04,12,Email,Acquisition,8199,379,215.28,AED,0.04622514940846445,0.5680211081794195,26.256860592755213
2021-02-05,12,Email,Acquisition,15800,1150,201.01,AED,0.07278481012658228,0.17479130434782608,12.722151898734177
2021-02-06,12,Email,Acquisition,15748,1131,222.59,AED,0.07181864363728728,0.1968081343943413,14.134493268986537
2021-02-07,12,Email,Acquisition,9135,508,244.31,AED,0.055610290093048714,0.4809251968503937,26.744389709906955
2021-02-08,12,Email,Acquisition,10616,431,172.45,AED,0.040599095704596834,0.4001160092807424,16.24434815373022
2021-02-09,12,Email,Acquisition,7382,504,232.73,AED,0.06827418043890544,0.461765873015873,31.526686534814413
2021-02-10,12,Email,Acquisition,7576,479,221.89,AED,0.0632259767687434,0.4632359081419624,29.28854276663147
2021-02-11,12,Email,Acquisition,8784,509,229.35,AED,0.057946265938069216,0.4505893909626719,26.10997267759563
2021-02-12,12,Email,Acquisition,18937,991,208.25,AED,0.05233141469081692,0.2101412714429869,10.996990019538469
2021-02-13,12,Email,Acquisition,11070,542,251.95,AED,0.04896115627822945,0.46485239852398524,22.759710930442637
2021-02-14,12,Email,Acquisition,6172,219,212.17,AED,0.03548282566429034,0.9688127853881278,34.37621516526247
2021-02-15,12,Email,Acquisition,7102,539,198.72,AED,0.07589411433399043,0.36868274582560295,27.98085046465784
2021-02-16,12,Email,Acquisition,13696,998,213.13,AED,0.07286799065420561,0.2135571142284569,15.561477803738319
2021-02-17,12,Email,Acquisition,8206,576,232.7,AED,0.07019254204240799,0.40399305555555554,28.357299536924202
2021-02-18,12,Email,Acquisition,24470,1912,207.66,AED,0.07813649366571312,0.10860878661087867,8.486309767061709
2021-02-19,12,Email,Acquisition,6111,269,185.75,AED,0.04401898216331206,0.6905204460966543,30.39600720013091
2021-02-20,12,Email,Acquisition,7960,283,251.27,AED,0.03555276381909548,0.8878798586572438,31.566582914572866
2021-02-21,12,Email,Acquisition,21493,904,227.97,AED,0.042060205648350626,0.252179203539823,10.606709161122225
2022-03-19,13,Display,Reactivation,76577,1222,638.27,AED,0.015957794115726655,0.5223158756137479,8.335009206419683
2022-03-20,13,Display,Reactivation,34966,458,560.35,AED,0.013098438483097866,1.223471615720524,16.025567694331638
2022-03-21,13,Display,Reactivation,13504,119,379.02,AED,0.008812203791469195,3.1850420168067224,28.06723933649289
2022-03-22,13,Display,Reactivation,17812,198,571.63,AED,0.011116101504603638,2.887020202020202,32.09240961149787
2022-03-23,13,Display,Reactivation,62048,749,628.69,AED,0.01207129963898917,0.8393724966622164,10.13231691593605
2022-03-24,13,Display,Reactivation,52022,1151,505.57,AED,0.022125254699934642,0.43924413553431796,9.718388374149399
2022-03-25,13,Display,Reactivation,24304,241,587.51,AED,0.009916063199473338,2.4378008298755187,24.173387096774192
2022-03-26,13,Display,Reactivation,18072,320,573.5,AED,0.017706949977866312,1.7921875,31.73417441345728
2022-03-27,13,Display,Reactivation,24483,375,537.92,AED,0.015316750398235511,1.4344533333333331,21.97116366458359
2022-03-28,13,Display,Reactivation,15616,284,451.23,AED,0.018186475409836065,1.5888380281690142,28.895363729508198
2022-03-29,13,Display,Reactivation,11306,175,362.93,AED,0.015478506987440297,2.0738857142857143,32.10065451972404
2022-03-30,13,Display,Reactivation,25914,516,621.31,AED,0.019912016670525584,1.2040891472868216,23.975843173574127
2022-03-31,13,Display,Reactivation,41566,694,599.0,AED,0.016696338353461963,0.8631123919308358,14.410816532743109
2022-04-01,13,Display,Reactivation,22764,434,481.85,AED,0.019065190651906518,1.1102534562211983,21.16719381479529
2022-04-02,13,Display,Reactivation,12981,236,437.03,AED,0.018180417533317925,1.851822033898305,33.666897773669206
2022-04-03,13,Display,Reactivation,20046,184,503.59,AED,0.009178888556320463,2.7369021739130432,25.121720043899032
2022-04-04,13,Display,Reactivation,42204,597,627.52,AED,0.014145578618140461,1.0511222780569514,14.868732821533504
2022-04-05,13,Display,Reactivation,38571,490,454.4,AED,0.012703844857535455,0.9273469387755101,11.780871639314512
2022-04-06,13,Display,Reactivation,14534,198,497.54,AED,0.01362322829228017,2.512828282828283,34.23283335626806
2022-04-07,13,Display,Reactivation,16118,205,394.77,AED,0.012718699590519916,1.9257073170731707,24.49249286511974
2022-04-08,13,Display,Reactivation,36359,610,494.08,AED,0.01677713908523337,0.8099672131147541,13.588932588905084
2022-04-09,13,Display,Reactivation,16080,285,477.11,AED,0.017723880597014924,1.6740701754385965,29.671019900497512
2022-04-10,13,Display,Reactivation,20321,263,443.87,AED,0.012942276462772502,1.6877186311787074,21.842921116086806
2022-04-11,13,Display,Reactivation,47171,872,488.3,AED,0.01848593415445931,0.5599770642201835,10.351699137181743
2022-04-12,13,Display,Reactivation,49730,689,550.7,AED,0.013854816006434748,0.7992743105950654,11.073798511964611
2022-04-13,13,Display,Reactivation,27247,543,581.07,AED,0.01992879950086248,1.0701104972375692,21.32601754321577
2022-04-14,13,Display,Reactivation,14420,147,501.91,AED,0.010194174757281554,3.414353741496599,34.80651872399446
2022-04-15,13,Display,Reactivation,23061,345,447.15,AED,0.014960322622609601,1.296086956521739,19.389879016521398
2022-04-16,13,Display,Reactivation,11896,239,386.71,AED,0.020090786819098858,1.6180334728033472,32.50756556825824
2022-04-17,13,Display,Reactivation,12619,305,381.65,AED,0.024169902527934068,1.251311475409836,30.244076392741103
2022-04-18,13,Display,Reactivation,18808,150,567.49,AED,0.007975329646958742,3.7832666666666666,30.17279880901744
2022-04-19,13,Display,Reactivation,31029,279,464.06,AED,0.008991588513970802,1.6632974910394265,14.95568661574656
2022-04-20,13,Display,Reactivation,21040,413,511.33,AED,0.019629277566539923,1.2380871670702178,24.302756653992393
2022-04-21,13,Display,Reactivation,23631,337,480.16,AED,0.014260928441454022,1.424807121661721,20.31907240489188
2022-04-22,13,Display,Reactivation,38466,581,433.43,AED,0.01510424790724276,0.7460068846815835,11.267872926740498
2022-04-23,13,Display,Reactivation,48250,677,490.46,AED,0.014031088082901554,0.7244608567208272,10.164974093264249
2022-04-24,13,Display,Reactivation,15140,293,506.08,AED,0.019352708058124175,1.727235494880546,33.42668428005284
2022-04-25,13,Display,Reactivation,17415,142,418.48,AED,0.00815389032443296,2.947042253521127,24.029859316681023
2022-04-26,13,Display,Reactivation,24079,566,606.2,AED,0.023505959549815193,1.0710247349823323,25.175464097346236
2022-04-27,13,Display,Reactivation,20758,208,571.85,AED,0.010020233163117833,2.7492788461538464,27.548415068889103
2022-04-28,13,Display,Reactivation,16123,147,521.86,AED,0.009117409911306829,3.5500680272108847,32.367425417106
2022-04-29,13,Display,Reactivation,49840,756,414.48,AED,0.015168539325842697,0.5482539682539683,8.31621187800963
2022-04-30,13,Display,Reactivation,31846,517,508.46,AED,0.0162343779438548,0.9834816247582204,15.966212397161339
2022-05-01,13,Display,Reactivation,40555,709,459.13,AED,0.01748243126618173,0.647574047954866,11.321168783134015
2022-05-02,13,Display,Reactivation,29381,599,507.28,AED,0.020387325142098636,0.8468781302170283,17.265579796467105
2022-05-03,13,Display,Reactivation,21465,328,573.07,AED,0.015280689494525972,1.7471646341463416,26.697880270207314
2022-05-04,13,Display,Reactivation,20342,257,532.37,AED,0.012633959296037755,2.07147859922179,26.170976305181398
2022-05-05,13,Display,Reactivation,28693,618,575.41,AED,0.021538354302443104,0.931084142394822,20.05402014428606
2022-05-06,13,Display,Reactivation,14897,336,449.99,AED,0.02255487682083641,1.3392559523809524,30.206753037524333
2022-05-07,13,Display,Reactivation,29515,528,490.24,AED,0.017889208876842283,0.9284848484848485,16.609859393528716
2022-05-08,13,Display,Reactivation,31138,567,561.16,AED,0.018209261994990043,0.9897001763668429,18.021709807951698
2022-05-09,13,Display,Reactivation,31899,345,577.8,AED,0.010815386062259005,1.674782608695652,18.11342048340073
2022-05-10,13,Display,Reactivation,29803,310,584.87,AED,0.010401637419051772,1.8866774193548388,19.624534442841327
2022-05-11,13,Display,Reactivation,39209,330,477.2,AED,0.00841643500216787,1.446060606060606,12.170675100104567
2022-05-12,13,Display,Reactivation,21969,413,558.83,AED,0.01879921707861077,1.3530992736077483,25.437206973462608
2022-05-13,13,Display,Reactivation,24036,319,458.13,AED,0.01327175902812448,1.4361442006269591,19.06015976035946
2022-05-14,13,Display,Reactivation,18438,337,484.61,AED,0.018277470441479555,1.4380118694362019,26.28321943811693
2022-05-15,13,Display,Reactivation,11756,184,407.68,AED,0.015651582170806397,2.2156521739130435,34.67846206192583
2022-05-16,13,Display,Reactivation,17147,178,455.85,AED,0.010380824634046772,2.5609550561797754,26.584825333877646
2022-05-17,13,Display,Reactivation,21469,523,464.75,AED,0.024360706134426383,0.888623326959847,21.647491732265124
2022-05-18,13,Display,Reactivation,27171,235,499.23,AED,0.008648927164992087,2.1243829787234043,18.37363365352766
2022-05-19,13,Display,Reactivation,40069,336,493.68,AED,0.008385534952207441,1.4692857142857143,12.320746711921934
2022-05-20,13,Display,Reactivation,16628,262,472.55,AED,0.01575655520808275,1.8036259541984734,28.418931922059176
2022-05-21,13,Display,Reactivation,48708,1181,542.41,AED,0.02424653034409132,0.45928027095681623,11.135953026196928
2022-05-22,13,Display,Reactivation,29018,670,478.14,AED,0.023089117099731202,0.7136417910447761,16.47735888069474
2022-05-23,13,Display,Reactivation,17019,219,588.35,AED,0.01286797109113344,2.6865296803652967,34.5701862624126
2022-05-24,13,Display,Reactivation,15553,227,528.06,AED,0.01459525493473928,2.326255506607929,33.9522921622838
2022-05-25,13,Display,Reactivation,16908,179,382.43,AED,0.010586704518571091,2.1364804469273744,22.61828720132482
2022-05-26,13,Display,Reactivation,18115,311,415.75,AED,0.017168092740822524,1.3368167202572347,22.950593430858405
2022-05-27,13,Display,Reactivation,27558,362,548.2,AED,0.013135931489948472,1.514364640883978,19.89259017345236
2022-05-28,13,Display,Reactivation,35855,405,537.9,AED,0.011295495746757775,1.328148148148148,15.002091758471622
2022-05-29,13,Display,Reactivation,31882,778,487.7,AED,0.02440248416034126,0.6268637532133676,15.297032808481273
2022-05-30,13,Display,Reactivation,20161,280,464.89,AED,0.013888199990079857,1.6603214285714285,23.058876047815087
2022-05-31,13,Display,Reactivation,21001,391,419.81,AED,0.018618161039950478,1.073682864450128,19.9900004761678
2022-06-01,13,Display,Reactivation,24446,362,518.27,AED,0.014808148572363577,1.4316850828729282,21.20060541601898
2022-06-02,13,Display,Reactivation,23545,268,582.94,AED,0.01138245912083245,2.1751492537313433,24.758547462306222
2022-06-03,13,Display,Reactivation,34671,300,647.28,AED,0.00865276455827637,2.1576,18.669204810937092
2022-06-04,13,Display,Reactivation,49385,1204,698.77,AED,0.02437987243090007,0.5803737541528239,14.149438088488408
2022-06-05,13,Display,Reactivation,11903,241,387.52,AED,0.020246996555490213,1.607966804979253,32.556498361757534
2022-06-06,13,Display,Reactivation,50470,1082,581.8,AED,0.021438478303942937,0.5377079482439926,11.527640182286506
2022-06-07,13,Display,Reactivation,44649,960,507.67,AED,0.02150104145669556,0.5288229166666667,11.370243454500661
2022-06-08,13,Display,Reactivation,16332,171,546.96,AED,0.01047024246877296,3.1985964912280704,33.49008082292433
2022-06-09,13,Display,Reactivation,23061,569,472.58,AED,0.024673691513811196,0.8305448154657293,20.492606565196652
2022-09-20,14,Email,Retention,6609,322,157.95,AED,0.04872144045997882,0.49052795031055896,23.899228325011347
2022-09-21,14,Email,Retention,8531,342,134.08,AED,0.0400890868596882,0.39204678362573103,15.716797561833314
2022-09-22,14,Email,Retention,5643,308,123.05,AED,0.05458089668615984,0.399512987012987,21.805777068934965
2022-09-23,14,Email,Retention,6909,506,162.98,AED,0.07323780576060211,0.32209486166007906,23.589520914748878
2022-09-24,14,Email,Retention,4416,301,134.01,AED,0.06816123188405797,0.4452159468438538,30.346467391304344
2022-09-25,14,Email,Retention,5999,466,140.91,AED,0.07767961326887815,0.30238197424892704,23.48891481913652
2022-09-26,14,Email,Retention,4221,219,131.12,AED,0.051883439943141436,0.5987214611872146,31.063728974176737
2022-09-27,14,Email,Retention,4278,319,132.06,AED,0.07456755493221132,0.41398119122257054,30.869565217391305
2022-09-28,14,Email,Retention,5905,450,147.15,AED,0.07620660457239628,0.327,24.919559695173582
2022-09-29,14,Email,Retention,8869,477,75.53,AED,0.053782839102491826,0.15834381551362683,8.516179952644041
2022-04-29,15,Social,Retention,22999,552,614.05,AED,0.02400104352363146,1.112409420289855,26.698986912474453
2022-04-30,15,Social,Retention,37312,1147,600.13,AED,0.030740780445969125,0.5232170880557977,16.084101629502573
2022-05-01,15,Social,Retention,34776,1694,476.06,AED,0.048711755233494365,0.2810271546635183,13.689325971934666
2022-05-02,15,Social,Retention,72023,3596,593.42,AED,0.049928495064076754,0.16502224694104559,8.23931244185885
2022-05-03,15,Social,Retention,37642,769,600.57,AED,0.020429307688220606,0.7809752925877764,15.954784549173796
2022-05-04,15,Social,Retention,20266,912,565.89,AED,0.04500148031185237,0.6204934210526316,27.92312247113392
2022-05-05,15,Social,Retention,16755,721,474.89,AED,0.04303193076693524,0.6586546463245492,28.343181139958222
2022-05-06,15,Social,Retention,21701,932,559.49,AED,0.04294732961614672,0.6003111587982832,25.78176120916087
2022-05-07,15,Social,Retention,53226,1843,553.15,AED,0.03462593469357081,0.30013564839934886,10.392477360688384
2022-05-08,15,Social,Retention,60396,1946,609.8,AED,0.032220676866017615,0.31336073997944497,10.096695145373864
2022-05-09,15,Social,Retention,27111,632,472.24,AED,0.023311570949061267,0.7472151898734177,17.418759912950463
2022-05-10,15,Social,Retention,17237,834,514.06,AED,0.04838428960956083,0.6163788968824939,29.82305505598422
2023-08-10,16,Email,Reactivation,12805,704,129.02,AED,0.054978524014057006,0.18326704545454547,10.075751659508006
2023-08-11,16,Email,Reactivation,6314,412,185.98,AED,0.06525182134938233,0.4514077669902912,29.45517896737409
2023-08-12,16,Email,Reactivation,9580,422,136.76,AED,0.04405010438413361,0.32407582938388624,14.275574112734864
2023-08-13,16,Email,Reactivation,5374,410,159.59,AED,0.07629326386304429,0.3892439024390244,29.696687755861557
2023-08-14,16,Email,Reactivation,12147,653,202.63,AED,0.053758129579319996,0.31030627871362937,16.681485140363876
2023-08-15,16,Email,Reactivation,12406,769,174.97,AED,0.061986135740770595,0.22752925877763328,14.103659519587296
2023-08-16,16,Email,Reactivation,10295,642,181.83,AED,0.06236036911121904,0.28322429906542057,17.661971830985916
2023-08-17,16,Email,Reactivation,16583,1234,187.71,AED,0.07441355605137792,0.15211507293354945,11.31942350600012
2023-08-18,16,Email,Reactivation,4139,253,98.59,AED,0.06112587581541435,0.38968379446640317,23.819763227832812
2023-08-19,16,Email,Reactivation,18633,1194,185.18,AED,0.06407985831589116,0.1550921273031826,9.938281543498096
2023-08-20,16,Email,Reactivation,6687,469,202.03,AED,0.07013608494093017,0.4307675906183369,30.212352325407508
2023-08-21,16,Email,Reactivation,6715,376,153.9,AED,0.055994043186895014,0.4093085106382979,22.91883842144453
2023-08-22,16,Email,Reactivation,12449,682,190.82,AED,0.0547835167483332,0.2797947214076246,15.328138806329825
2023-08-23,16,Email,Reactivation,10618,389,166.45,AED,0.036635901299679786,0.427892030848329,15.67621020907892
2023-08-24,16,Email,Reactivation,5885,269,166.05,AED,0.04570943075615973,0.6172862453531599,28.215802888700086
2023-08-25,16,Email,Reactivation,23030,1279,184.33,AED,0.055536257056013894,0.14412040656763098,8.003907946157186
2023-08-26,16,Email,Reactivation,5588,168,171.35,AED,0.030064423765211165,1.0199404761904762,30.663922691481748
2023-08-27,16,Email,Reactivation,12575,843,184.41,AED,0.06703777335984096,0.2187544483985765,14.664811133200796
2023-08-28,16,Email,Reactivation,9162,398,162.42,AED,0.043440296878410826,0.4080904522613065,17.727570399476097
2023-08-29,16,Email,Reactivation,5592,255,172.0,AED,0.04560085836909871,0.6745098039215687,30.758226037195996
2023-08-30,16,Email,Reactivation,9501,717,187.31,AED,0.07546574044837386,0.2612412831241283,19.71476686664562
2023-08-31,16,Email,Reactivation,10196,797,185.45,AED,0.07816790898391526,0.2326850690087829,18.188505296194585
2023-09-01,16,Email,Reactivation,8784,433,187.39,AED,0.04929417122040073,0.43277136258660504,21.333105646630234
2023-09-02,16,Email,Reactivation,6556,427,164.46,AED,0.06513117754728492,0.385152224824356,25.085417937766934
2023-09-03,16,Email,Reactivation,6053,411,206.31,AED,0.06790021476953577,0.5019708029197081,34.083925326284486
2023-09-04,16,Email,Reactivation,6344,413,213.63,AED,0.06510088272383355,0.5172639225181598,33.67433795712484
2023-09-05,16,Email,Reactivation,5617,349,163.52,AED,0.06213281110913299,0.4685386819484241,29.111625422823572
2023-09-06,16,Email,Reactivation,18457,885,171.67,AED,0.04794928753318524,0.1939774011299435,9.30107818171967
2023-09-07,16,Email,Reactivation,9156,484,180.23,AED,0.05286151157710791,0.3723760330578512,19.68435998252512
2023-09-08,16,Email,Reactivation,14403,697,196.46,AED,0.04839269596611817,0.2818651362984218,13.640213844337985
2023-09-09,16,Email,Reactivation,5795,294,166.48,AED,0.05073339085418464,0.5662585034013605,28.728213977566867
2023-09-10,16,Email,Reactivation,5835,423,176.22,AED,0.0724935732647815,0.4165957446808511,30.20051413881748
2023-09-11,16,Email,Reactivation,9494,702,197.03,AED,0.07394143669686118,0.28066951566951565,20.75310722561618
2023-09-12,16,Email,Reactivation,10808,690,149.43,AED,0.06384159881569208,0.21656521739130435,13.825869726128794
2023-09-13,16,Email,Reactivation,11824,739,138.21,AED,0.0625,0.18702300405953992,11.688937753721245
2023-09-14,16,Email,Reactivation,7240,331,202.32,AED,0.04571823204419889,0.611238670694864,27.944751381215468
2023-09-15,16,Email,Reactivation,5432,217,148.06,AED,0.03994845360824742,0.6823041474654378,27.25699558173785
2023-09-16,16,Email,Reactivation,7011,311,224.62,AED,0.044358864641277994,0.7222508038585209,32.03822564541435
2023-09-17,16,Email,Reactivation,15030,838,165.5,AED,0.05575515635395875,0.19749403341288782,11.011310711909514
2023-09-18,16,Email,Reactivation,11547,828,175.81,AED,0.07170693686671863,0.21233091787439615,15.225599722871742
2023-09-19,16,Email,Reactivation,8167,410,174.03,AED,0.05020203257009918,0.42446341463414633,21.308926166278926
2023-09-20,16,Email,Reactivation,6864,410,153.33,AED,0.05973193473193473,0.3739756097560976,22.338286713286717
2023-09-21,16,Email,Reactivation,5282,295,179.69,AED,0.05585005679666793,0.6091186440677966,34.0193108670958
2023-09-22,16,Email,Reactivation,6583,300,173.11,AED,0.0455719276925414,0.5770333333333334,26.296521342852806
2023-09-23,16,Email,Reactivation,9039,712,199.55,AED,0.07876977541763469,0.28026685393258427,22.07655714127669
2023-09-24,16,Email,Reactivation,17526,540,199.63,AED,0.030811365970558027,0.36968518518518517,11.390505534634258
2023-09-25,16,Email,Reactivation,17642,763,198.4,AED,0.04324906473188981,0.2600262123197903,11.245890488606735
2023-09-26,16,Email,Reactivation,23154,1034,196.21,AED,0.04465751058132504,0.18975822050290136,8.474129740001729
2023-09-27,16,Email,Reactivation,10516,510,182.97,AED,0.04849752757702548,0.35876470588235293,17.39920121719285
2023-09-28,16,Email,Reactivation,27634,1243,222.09,AED,0.04498082072808859,0.1786725663716814,8.036838676992112
2023-09-29,16,Email,Reactivation,5982,186,184.67,AED,0.031093279839518557,0.9928494623655914,30.87094617184888
2023-09-30,16,Email,Reactivation,5628,389,181.59,AED,0.06911869225302061,0.46681233933161953,32.26545842217484
2023-10-01,16,Email,Reactivation,9291,419,174.18,AED,0.04509740609191691,0.4157040572792363,18.747174685179207
2023-10-02,16,Email,Reactivation,22559,934,220.49,AED,0.04140254443902655,0.2360706638115632,9.77392614920874
2023-10-03,16,Email,Reactivation,6295,337,177.42,AED,0.053534551231135825,0.5264688427299703,28.184273232724383
2023-10-04,16,Email,Reactivation,14201,1106,135.79,AED,0.07788183930709106,0.1227757685352622,9.562002675867896
2023-10-05,16,Email,Reactivation,5317,179,180.78,AED,0.033665600902764714,1.0099441340782123,34.0003761519654
2023-10-06,16,Email,Reactivation,10431,430,186.45,AED,0.04122327677116288,0.4336046511627907,17.874604544147253
2023-10-07,16,Email,Reactivation,6856,473,170.07,AED,0.0689906651108518,0.3595560253699788,24.806009334889147
2023-10-08,16,Email,Reactivation,7267,271,171.62,AED,0.03729186734553461,0.6332841328413285,23.616347873950737
2023-10-09,16,Email,Reactivation,10480,667,193.68,AED,0.06364503816793893,0.2903748125937032,18.480916030534353
2023-10-10,16,Email,Reactivation,14052,664,211.03,AED,0.04725306006262454,0.31781626506024097,15.017791061770566
2023-10-11,16,Email,Reactivation,8404,626,173.89,AED,0.07448833888624465,0.2777795527156549,20.691337458353164
2023-10-12,16,Email,Reactivation,7112,235,192.82,AED,0.03304274465691789,0.8205106382978723,27.1119235095613
2023-10-13,16,Email,Reactivation,13559,1056,157.64,AED,0.07788184969393024,0.149280303030303,11.626226122870417
2023-10-14,16,Email,Reactivation,10613,446,236.7,AED,0.042023932912465846,0.5307174887892376,22.302836144351268
2023-10-15,16,Email,Reactivation,23354,1021,234.91,AED,0.043718420827267276,0.23007835455435846,10.058662327652652
2023-04-05,17,Display,Retention,12619,199,375.91,AED,0.015769870829701244,1.888994974874372,29.78920675172359
2023-04-06,17,Display,Retention,27318,295,250.93,AED,0.01079874075701003,0.8506101694915255,9.185518705615346
2023-04-07,17,Display,Retention,23060,266,461.9,AED,0.011535125758889852,1.7364661654135338,20.03035559410234
2023-04-08,17,Display,Retention,10353,117,351.35,AED,0.011301072152999131,3.002991452991453,33.93702308509611
2023-04-09,17,Display,Retention,12131,302,408.68,AED,0.024894897370373422,1.3532450331125827,33.68889621630533
2023-04-10,17,Display,Retention,14420,260,285.5,AED,0.018030513176144243,1.0980769230769232,19.79889042995839
2023-04-11,17,Display,Retention,40263,748,401.56,AED,0.01857785063209398,0.5368449197860963,9.97342473238457
2023-04-12,17,Display,Retention,14043,150,399.51,AED,0.010681478316599017,2.6633999999999998,28.449049348429824
2023-04-13,17,Display,Retention,18039,364,376.6,AED,0.02017850213426465,1.0346153846153847,20.876988746604578
2023-04-14,17,Display,Retention,16003,172,416.07,AED,0.010747984752858838,2.419011627906977,25.999500093732426
2023-04-15,17,Display,Retention,13014,274,302.68,AED,0.021054249270016905,1.1046715328467154,23.258029814046413
2023-04-16,17,Display,Retention,43411,610,357.89,AED,0.01405173803874594,0.5867049180327869,8.24422381424063
2023-04-17,17,Display,Retention,11375,135,375.49,AED,0.011868131868131869,2.7814074074074076,33.01010989010989
2023-04-18,17,Display,Retention,18285,409,305.09,AED,0.02236806125239267,0.7459413202933984,16.685261143013395
2023-04-19,17,Display,Retention,14797,142,409.58,AED,0.009596539839156586,2.8843661971830983,27.679935121984187
2023-04-20,17,Display,Retention,16723,322,350.93,AED,0.019254918375889492,1.0898447204968944,20.9848711355618
2023-04-21,17,Display,Retention,33197,428,371.8,AED,0.012892731270897973,0.8686915887850467,11.199807211495015
2023-04-22,17,Display,Retention,11989,105,417.44,AED,0.0087580281925098,3.9756190476190474,34.81858370172658
2023-04-23,17,Display,Retention,12797,183,365.32,AED,0.014300226615613034,1.9962841530054645,28.547315777135267
2023-04-24,17,Display,Retention,13887,335,455.49,AED,0.0241232807661842,1.3596716417910448,32.79974076474401
2022-10-09,18,Affiliate,Retention,10142,242,239.19,AED,0.02386117136659436,0.9883884297520661,23.584105699073163
2022-10-10,18,Affiliate,Retention,10153,243,235.87,AED,0.023933812666207033,0.9706584362139918,23.231557175219148
2022-10-11,18,Affiliate,Retention,11428,240,294.04,AED,0.021001050052502624,1.2251666666666667,25.729786489324468
2022-10-12,18,Affiliate,Retention,18866,301,263.43,AED,0.015954627371991943,0.8751827242524917,13.963214247853282
2022-10-13,18,Affiliate,Retention,25104,486,225.25,AED,0.019359464627151053,0.463477366255144,8.972673677501593
2022-10-14,18,Affiliate,Retention,7332,216,246.82,AED,0.029459901800327332,1.1426851851851851,33.66339334424441
2022-10-15,18,Affiliate,Retention,14651,432,289.93,AED,0.029486041908402157,0.6711342592592593,19.78909289468296
2022-10-16,18,Affiliate,Retention,20901,497,326.63,AED,0.023778766566193005,0.6572032193158953,15.627481938663221
2022-10-17,18,Affiliate,Retention,8306,321,266.98,AED,0.0386467613773176,0.8317133956386293,32.14302913556465
2022-10-18,18,Affiliate,Retention,8786,236,255.41,AED,0.026860915092192125,1.0822457627118645,29.070111541088092
2022-10-19,18,Affiliate,Retention,13959,280,299.21,AED,0.020058743462998782,1.0686071428571429,21.43491654129952
2022-10-20,18,Affiliate,Retention,12593,458,213.48,AED,0.036369411577860715,0.46611353711790393,16.952275073453507
2022-10-21,18,Affiliate,Retention,20395,342,277.2,AED,0.016768815886246628,0.8105263157894737,13.591566560431477
2022-10-22,18,Affiliate,Retention,5358,192,160.18,AED,0.03583426651735722,0.8342708333333334,29.895483389324376
2022-10-23,18,Affiliate,Retention,15953,515,270.71,AED,0.032282329342443426,0.5256504854368932,16.969222089889048
2022-10-24,18,Affiliate,Retention,23955,883,289.69,AED,0.03686078063034857,0.32807474518686297,12.09309121269046
2022-10-25,18,Affiliate,Retention,13738,303,309.89,AED,0.022055612170621634,1.0227392739273926,22.557140777405735
2022-10-26,18,Affiliate,Retention,21217,724,242.99,AED,0.034123580147994534,0.33562154696132596,11.452608757128719
2022-10-27,18,Affiliate,Retention,32454,824,259.65,AED,0.025389782461329884,0.31510922330097085,8.00055463117027
2022-10-28,18,Affiliate,Retention,6892,142,236.22,AED,0.02060359837492745,1.6635211267605634,34.27452118398143
2022-10-29,18,Affiliate,Retention,16295,368,264.21,AED,0.02258361460570727,0.7179619565217391,16.214176127646514
2022-10-30,18,Affiliate,Retention,10333,374,289.65,AED,0.03619471595857931,0.7744652406417112,28.031549404819508
2022-10-31,18,Affiliate,Retention,11208,253,217.57,AED,0.022573162027123485,0.8599604743083004,19.412027123483224
2022-11-01,18,Affiliate,Retention,10313,201,309.95,AED,0.019489964122951616,1.542039800995025,30.05430039755648
2022-11-02,18,Affiliate,Retention,12443,467,224.18,AED,0.03753114200755445,0.48004282655246255,18.0165554930483
2022-11-03,18,Affiliate,Retention,9993,315,239.31,AED,0.03152206544581207,0.7597142857142857,23.94776343440408
2022-11-04,18,Affiliate,Retention,31522,901,318.95,AED,0.028583211725144345,0.3539955604883463,10.118330055199543
2022-11-05,18,Affiliate,Retention,7914,234,230.12,AED,0.029567854435178165,0.9834188034188034,29.077584028304273
2022-11-06,18,Affiliate,Retention,8409,135,283.47,AED,0.016054227613271493,2.099777777777778,33.71031038173386
2022-11-07,18,Affiliate,Retention,18023,592,288.51,AED,0.032846917827220774,0.48734797297297294,16.00787882150585
2022-11-08,18,Affiliate,Retention,7145,125,203.6,AED,0.01749475157452764,1.6288,28.495451364590622
2022-11-09,18,Affiliate,Retention,19006,728,341.55,AED,0.038303693570451436,0.4691620879120879,17.970640850257816
2022-11-10,18,Affiliate,Retention,12704,411,385.49,AED,0.032352015113350126,0.9379318734793187,30.34398614609572
2022-11-11,18,Affiliate,Retention,7613,246,250.22,AED,0.03231314856167083,1.0171544715447154,32.86746354919217
2022-11-12,18,Affiliate,Retention,12052,440,333.65,AED,0.036508463325589116,0.7582954545454544,27.68420179223365
2022-11-13,18,Affiliate,Retention,22298,526,295.94,AED,0.023589559601758004,0.5626235741444867,13.272042335635483
2022-11-14,18,Affiliate,Retention,13980,551,238.53,AED,0.0394134477825465,0.4329038112522686,17.062231759656655
2022-11-15,18,Affiliate,Retention,10140,294,280.19,AED,0.028994082840236687,0.9530272108843537,27.632149901380668
2022-11-16,18,Affiliate,Retention,8744,239,293.58,AED,0.02733302836230558,1.22836820083682,33.57502287282708
2022-11-17,18,Affiliate,Retention,7520,250,219.82,AED,0.03324468085106383,0.87928,29.231382978723406
2022-11-18,18,Affiliate,Retention,13472,210,247.6,AED,0.015587885985748218,1.1790476190476191,18.378859857482183
2022-11-19,18,Affiliate,Retention,7510,266,203.02,AED,0.03541944074567244,0.7632330827067669,27.033288948069245
2022-11-20,18,Affiliate,Retention,10934,428,248.79,AED,0.039143954636912386,0.581285046728972,22.753795500274375
2022-11-21,18,Affiliate,Retention,9604,351,263.14,AED,0.03654727197001249,0.7496866096866096,27.399000416493127
2022-11-22,18,Affiliate,Retention,18444,645,236.83,AED,0.034970722186076775,0.3671782945736434,12.840490132292345
2022-11-23,18,Affiliate,Retention,15399,564,177.96,AED,0.03662575491915059,0.31553191489361704,11.556594584063902
2022-11-24,18,Affiliate,Retention,24997,568,306.13,AED,0.022722726727207265,0.5389612676056338,12.246669600352043
2022-11-25,18,Affiliate,Retention,11092,387,290.21,AED,0.03489001081860801,0.7498966408268734,26.163901911287414
2022-11-26,18,Affiliate,Retention,16759,513,247.41,AED,0.030610418282713766,0.482280701754386,14.762814010382481
2022-11-27,18,Affiliate,Retention,9568,146,310.65,AED,0.015259197324414716,2.127739726027397,32.46760033444816
2022-11-28,18,Affiliate,Retention,10426,169,273.17,AED,0.016209476309226933,1.6163905325443788,26.200844043736815
2022-11-29,18,Affiliate,Retention,11842,282,192.83,AED,0.02381354500928897,0.6837943262411348,16.28356696503969
2022-11-30,18,Affiliate,Retention,11260,262,278.98,AED,0.023268206039076377,1.0648091603053436,24.776198934280643
2022-12-01,18,Affiliate,Retention,24178,836,238.05,AED,0.034576888080072796,0.2847488038277512,9.845727520886758
2022-12-02,18,Affiliate,Retention,20574,531,323.34,AED,0.025809273840769902,0.6089265536723163,15.715952172645084
2022-12-03,18,Affiliate,Retention,22968,559,218.84,AED,0.02433820968303727,0.39148479427549193,9.528039010797633
2022-12-04,18,Affiliate,Retention,9301,288,311.59,AED,0.0309644124287711,1.081909722222222,33.500698849586065
2022-12-05,18,Affiliate,Retention,22951,584,306.92,AED,0.025445514356672912,0.5255479452054794,13.372837784845977
2022-12-06,18,Affiliate,Retention,11316,198,319.98,AED,0.017497348886532343,1.6160606060606062,28.27677624602333
2022-12-07,18,Affiliate,Retention,11434,451,224.86,AED,0.0394437642119993,0.4985809312638581,19.665908693370653
2021-11-28,19,Affiliate,Acquisition,36651,1025,360.01,AED,0.027966494775040245,0.3512292682926829,9.822651496548524
2021-11-29,19,Affiliate,Acquisition,14534,474,405.84,AED,0.032613182881519195,0.8562025316455696,27.923489748176685
2021-11-30,19,Affiliate,Acquisition,18651,441,362.09,AED,0.023644844780440728,0.8210657596371882,19.413972441155966
2021-12-01,19,Affiliate,Acquisition,24069,651,326.0,AED,0.027047239187336408,0.500768049155146,13.544393202875067
2021-12-02,19,Affiliate,Acquisition,24876,551,379.38,AED,0.022149863322077506,0.688529945553539,15.250844187168354
2021-12-03,19,Affiliate,Acquisition,17837,301,433.43,AED,0.016875035039524585,1.439966777408638,24.299489824522063
2021-12-04,19,Affiliate,Acquisition,42301,1640,424.74,AED,0.038769769036192996,0.2589878048780488,10.04089737831257
2021-12-05,19,Affiliate,Acquisition,15962,488,385.89,AED,0.030572609948627993,0.7907581967213114,24.175541912041098
2021-12-06,19,Affiliate,Acquisition,15807,342,403.24,AED,0.021635984057695956,1.17906432748538,25.51021699247169
2021-12-07,19,Affiliate,Acquisition,17413,526,471.53,AED,0.0302073163728249,0.896444866920152,27.07919370585195
2021-12-08,19,Affiliate,Acquisition,21154,460,347.96,AED,0.02174529639784438,0.7564347826086956,16.448898553465064
2021-12-09,19,Affiliate,Acquisition,14436,254,484.53,AED,0.017594901634801884,1.9075984251968503,33.56400665004156
2021-12-10,19,Affiliate,Acquisition,35916,1387,437.48,AED,0.03861788617886179,0.31541456380677724,12.180643724245462
2021-12-11,19,Affiliate,Acquisition,33786,1003,455.14,AED,0.029686852542473215,0.45377866400797606,13.471260285325283
2021-12-12,19,Affiliate,Acquisition,16406,525,441.84,AED,0.03200048762647812,0.8415999999999999,26.93161038644398
2021-12-13,19,Affiliate,Acquisition,17098,364,405.9,AED,0.021289039653760673,1.1151098901098901,23.739618668850156
2021-12-14,19,Affiliate,Acquisition,20718,806,417.62,AED,0.03890336905106671,0.5181389578163772,20.157351095665604
2021-12-15,19,Affiliate,Acquisition,37527,1193,491.26,AED,0.031790444213499615,0.4117854149203688,13.090841260958776
2021-12-16,19,Affiliate,Acquisition,11614,203,399.3,AED,0.017478904770105046,1.9669950738916258,34.38091957981746
2021-12-17,19,Affiliate,Acquisition,39889,1344,418.88,AED,0.033693499461004285,0.31166666666666665,10.501140665346336
2021-12-18,19,Affiliate,Acquisition,12521,323,409.37,AED,0.025796661608497723,1.2673993808049535,32.694672949444936
2021-12-19,19,Affiliate,Acquisition,14267,217,392.83,AED,0.015209925001752295,1.8102764976958525,27.53416976238873
2021-12-20,19,Affiliate,Acquisition,13341,404,319.06,AED,0.030282587512180496,0.7897524752475248,23.91574844464433
2021-12-21,19,Affiliate,Acquisition,12422,214,338.88,AED,0.017227499597488326,1.5835514018691588,27.28063113830301
2021-12-22,19,Affiliate,Acquisition,34666,1280,463.85,AED,0.03692378699590377,0.36238281250000004,13.380545779726534
2021-12-23,19,Affiliate,Acquisition,24226,513,370.95,AED,0.021175596466606127,0.7230994152046784,15.312061421613143
2021-12-24,19,Affiliate,Acquisition,38894,1029,376.82,AED,0.02645652285699594,0.3662001943634597,9.688383812413225
2021-12-25,19,Affiliate,Acquisition,17707,301,463.37,AED,0.016998926978031285,1.5394352159468438,26.168746823290224
2021-12-26,19,Affiliate,Acquisition,15260,548,514.14,AED,0.03591087811271298,0.9382116788321168,33.69200524246396
2021-12-27,19,Affiliate,Acquisition,13617,389,451.87,AED,0.028567232136300212,1.1616195372750642,33.184254975398396
2021-12-28,19,Affiliate,Acquisition,33572,1021,450.13,AED,0.03041224830215656,0.440871694417238,13.407899440009531
2021-12-29,19,Affiliate,Acquisition,21521,359,475.17,AED,0.016681380976720412,1.3235933147632313,22.07936434180568
2021-12-30,19,Affiliate,Acquisition,26432,1004,476.31,AED,0.037984261501210655,0.47441235059760956,18.02020278450363
2021-12-31,19,Affiliate,Acquisition,31982,774,488.02,AED,0.02420111312613345,0.630516795865633,15.259208304671377
2022-01-01,19,Affiliate,Acquisition,17697,560,569.42,AED,0.03164378143188111,1.0168214285714285,32.1760750409674
2022-01-02,19,Affiliate,Acquisition,16221,344,405.81,AED,0.021207077245545897,1.1796802325581395,25.017569816904015
2022-01-03,19,Affiliate,Acquisition,18929,486,512.0,AED,0.025674890379840457,1.0534979423868314,27.04844418616937
2022-01-04,19,Affiliate,Acquisition,16406,272,546.0,AED,0.0165793002560039,2.0073529411764706,33.28050713153724
2022-01-05,19,Affiliate,Acquisition,12290,274,372.02,AED,0.022294548413344183,1.3577372262773721,30.27013832384052
2022-01-06,19,Affiliate,Acquisition,24550,676,395.95,AED,0.027535641547861506,0.5857248520710059,16.128309572301426
2022-01-07,19,Affiliate,Acquisition,43869,1196,417.5,AED,0.027262987531058377,0.34908026755852845,9.516970981786683
2022-01-08,19,Affiliate,Acquisition,15152,325,389.27,AED,0.021449313621964096,1.1977538461538462,25.69099788806758
2022-01-09,19,Affiliate,Acquisition,41555,790,511.39,AED,0.01901094934424257,0.6473291139240506,12.306340993863556
2022-01-10,19,Affiliate,Acquisition,15683,503,470.2,AED,0.0320729452273162,0.9347912524850894,29.98150863992858
2022-01-11,19,Affiliate,Acquisition,40231,894,441.81,AED,0.02222166985657826,0.4941946308724832,10.981829932141881
2022-01-12,19,Affiliate,Acquisition,16066,456,351.94,AED,0.028382920453130834,0.7717982456140351,21.905888211129092
2022-01-13,19,Affiliate,Acquisition,20884,497,368.32,AED,0.023798122964949243,0.7410865191146881,17.636468109557555
2022-01-14,19,Affiliate,Acquisition,27635,1045,450.75,AED,0.03781436584041976,0.4313397129186603,16.310837705807852
2022-01-15,19,Affiliate,Acquisition,13487,312,454.87,AED,0.023133387706680508,1.4579166666666667,33.72655149403129
2022-01-16,19,Affiliate,Acquisition,12743,470,425.78,AED,0.0368829945852625,0.9059148936170213,33.41285411598525
2022-01-17,19,Affiliate,Acquisition,26039,646,280.43,AED,0.024808940435500595,0.43410216718266253,10.769614808556396
2022-01-18,19,Affiliate,Acquisition,32597,1188,431.41,AED,0.03644507163235881,0.36313973063973065,13.234653495720465
2022-01-19,19,Affiliate,Acquisition,23160,832,608.6,AED,0.03592400690846287,0.7314903846153846,26.278065630397236
2022-01-20,19,Affiliate,Acquisition,22501,680,446.85,AED,0.030220879072041244,0.6571323529411766,19.859117372561222
2022-01-21,19,Affiliate,Acquisition,37196,1184,458.63,AED,0.03183137971824927,0.3873564189189189,12.330089256909345
2022-01-22,19,Affiliate,Acquisition,32071,575,455.39,AED,0.017928970097595958,0.7919826086956522,14.199432509120388
2022-01-23,19,Affiliate,Acquisition,29082,437,362.44,AED,0.015026476858537927,0.8293821510297483,12.462691699332922
2022-01-24,19,Affiliate,Acquisition,22001,418,481.9,AED,0.018999136402890776,1.152870813397129,21.9035498386437
2022-01-25,19,Affiliate,Acquisition,46634,721,478.28,AED,0.015460822575803062,0.6633564493758668,10.256036368314962
2022-01-26,19,Affiliate,Acquisition,34637,712,375.62,AED,0.02055605277593325,0.5275561797752809,10.844472673730404
2022-01-27,19,Affiliate,Acquisition,15487,467,341.01,AED,0.030154322980564346,0.7302141327623126,22.019112804287467
2022-01-28,19,Affiliate,Acquisition,23944,933,333.5,AED,0.03896592048112262,0.357449088960343,13.928332776478449
2022-01-29,19,Affiliate,Acquisition,15614,451,384.75,AED,0.028884334571538363,0.8531042128603105,24.64134750864609
2021-07-26,20,Social,Reactivation,23614,965,533.79,AED,0.04086558821038367,0.5531502590673575,22.604810705513678
2021-07-27,20,Social,Reactivation,18654,469,502.9,AED,0.025142060684035596,1.0722814498933901,26.95936528358529
2021-07-28,20,Social,Reactivation,13442,523,423.5,AED,0.038907900610028266,0.8097514340344169,31.50572831423895
2021-07-29,20,Social,Reactivation,31315,734,700.77,AED,0.023439246367555483,0.9547275204359673,22.378093565384003
2021-07-30,20,Social,Reactivation,35264,856,603.19,AED,0.024274047186932848,0.704661214953271,17.104979582577137
2021-07-31,20,Social,Reactivation,27251,713,727.24,AED,0.026164177461377565,1.0199719495091164,26.68672709258376
2021-08-01,20,Social,Reactivation,58491,2060,790.6,AED,0.03521909353575764,0.3837864077669903,13.516609392898053
2021-08-02,20,Social,Reactivation,34976,718,675.76,AED,0.020528362305580968,0.9411699164345404,19.32067703568161
2021-08-03,20,Social,Reactivation,39081,1588,975.76,AED,0.04063355594790307,0.6144584382871536,24.967631329802206
2021-08-04,20,Social,Reactivation,39329,798,583.59,AED,0.020290370973073305,0.7313157894736843,14.838668666887031
2021-08-05,20,Social,Reactivation,23872,1065,729.9,AED,0.04461293565683646,0.6853521126760563,30.575569705093834
2021-08-06,20,Social,Reactivation,28767,993,885.18,AED,0.03451871936594014,0.8914199395770392,30.770674731463135
2021-08-07,20,Social,Reactivation,40406,1030,815.61,AED,0.025491263673711826,0.7918543689320389,20.185368509627285
2021-08-08,20,Social,Reactivation,20418,948,634.68,AED,0.04642962092271525,0.6694936708860759,31.084337349397586
2021-08-09,20,Social,Reactivation,33368,1471,616.36,AED,0.04408415248141932,0.41900747790618625,18.471589546871254
2021-08-10,20,Social,Reactivation,21446,559,693.74,AED,0.026065466753706985,1.2410375670840788,32.348223444931456
2021-08-11,20,Social,Reactivation,23128,508,789.55,AED,0.02196471809062608,1.5542322834645668,34.138273953649254
2021-08-12,20,Social,Reactivation,18206,404,464.35,AED,0.02219048665275184,1.1493811881188118,25.505327913874545
2021-08-13,20,Social,Reactivation,41946,2093,826.5,AED,0.04989748724550613,0.3948877209746775,19.70390502074095
2021-08-14,20,Social,Reactivation,28090,832,648.73,AED,0.029619081523673905,0.7797235576923077,23.094695621217518
2021-08-15,20,Social,Reactivation,35089,774,633.66,AED,0.02205819487588703,0.8186821705426356,18.058650859243638
2021-08-16,20,Social,Reactivation,32006,1085,575.42,AED,0.033899893769918144,0.5303410138248847,17.97850403049428
2021-08-17,20,Social,Reactivation,29283,593,794.66,AED,0.02025065737800089,1.3400674536256323,27.137246866782775
2021-08-18,20,Social,Reactivation,60124,2395,834.35,AED,0.039834342359124475,0.34837160751565766,13.877153881977248
2021-08-19,20,Social,Reactivation,22853,986,679.24,AED,0.04314532008926618,0.6888843813387424,29.722137137356146
2021-08-20,20,Social,Reactivation,30680,674,699.73,AED,0.02196870925684485,1.0381750741839764,22.80736636245111
2021-08-21,20,Social,Reactivation,25708,1093,748.46,AED,0.042515948342928274,0.6847758462946021,29.11389450754629
2021-08-22,20,Social,Reactivation,28750,1021,853.36,AED,0.03551304347826087,0.8358080313418218,29.68208695652174
2021-08-23,20,Social,Reactivation,30035,1269,743.46,AED,0.042250707507907444,0.5858628841607565,24.753121358415182
2021-08-24,20,Social,Reactivation,48459,1252,609.95,AED,0.02583627396355682,0.48718051118210864,12.586929156606617
2021-08-25,20,Social,Reactivation,22494,961,731.57,AED,0.042722503778785455,0.7612591050988554,32.52289499422068
2021-08-26,20,Social,Reactivation,31052,1230,749.08,AED,0.039610975138477396,0.6090081300813008,24.123405899781012
2021-08-27,20,Social,Reactivation,28731,709,720.44,AED,0.024677177961087326,1.0161354019746123,25.07535414708851
2021-08-28,20,Social,Reactivation,38435,1594,799.31,AED,0.04147261610511253,0.5014491844416562,20.79640952257057
2021-08-29,20,Social,Reactivation,37112,1011,611.36,AED,0.027241862470359993,0.6047082096933729,16.473377883164478
2021-08-30,20,Social,Reactivation,45781,1499,631.9,AED,0.03274284091653743,0.42154769846564377,13.80266922959306
2021-08-31,20,Social,Reactivation,53698,1197,702.05,AED,0.02229133301054043,0.5865079365079364,13.074043726023314
2021-09-01,20,Social,Reactivation,29676,934,795.21,AED,0.03147324437255695,0.8514025695931478,26.796401132228063
2021-09-02,20,Social,Reactivation,25563,719,754.08,AED,0.02812658921096898,1.0487899860917942,29.498885107381767
2021-09-03,20,Social,Reactivation,30295,845,808.69,AED,0.02789239148374319,0.9570295857988166,26.693843868625187
2021-09-04,20,Social,Reactivation,42863,1203,718.47,AED,0.028066164290880248,0.5972319201995012,16.762009192077084
2021-09-05,20,Social,Reactivation,57661,2354,758.54,AED,0.040824820936161355,0.3222344944774851,13.155165536497806
2021-09-06,20,Social,Reactivation,49460,1971,749.08,AED,0.039850384148807115,0.38005073566717407,15.145167812373636
2021-09-07,20,Social,Reactivation,18557,804,556.78,AED,0.043325968637171954,0.6925124378109453,30.00377216144851
2021-09-08,20,Social,Reactivation,60387,2473,627.21,AED,0.040952522894000365,0.2536231298018601,10.386507029658702
2021-09-09,20,Social,Reactivation,42437,1399,761.56,AED,0.03296651506939699,0.5443602573266618,17.94566062634022
2021-09-10,20,Social,Reactivation,81431,3257,737.15,AED,0.03999705271948029,0.226327909118821,9.052449312915229
2021-09-11,20,Social,Reactivation,32054,1504,536.01,AED,0.0469208211143695,0.35638962765957444,16.722093966431647
2021-09-12,20,Social,Reactivation,20596,1027,665.8,AED,0.04986405127209167,0.6482960077896787,32.326665371916874
2021-09-13,20,Social,Reactivation,25665,1163,777.3,AED,0.04531463082018313,0.6683576956147893,30.286382232612507
2021-09-14,20,Social,Reactivation,76378,1745,749.72,AED,0.022846893084396032,0.4296389684813754,9.81591557778418
2021-09-15,20,Social,Reactivation,15415,459,539.08,AED,0.029776192020759002,1.1744662309368192,34.97113201427182
2021-09-16,20,Social,Reactivation,25024,1249,779.92,AED,0.04991208439897698,0.6244355484387509,31.166879795396415
2021-09-17,20,Social,Reactivation,52667,1117,764.76,AED,0.0212087265270473,0.6846553267681289,14.52066759071145
2021-09-18,20,Social,Reactivation,68979,2125,593.6,AED,0.030806477333681265,0.27934117647058826,8.605517621305035
2021-09-19,20,Social,Reactivation,23139,855,674.77,AED,0.03695060287825749,0.7892046783625731,29.161588659838365
2021-09-20,20,Social,Reactivation,57069,1166,814.07,AED,0.020431407594315654,0.6981732418524872,14.264662075732886
2021-09-21,20,Social,Reactivation,19643,760,562.55,AED,0.03869062770452578,0.7401973684210525,28.638700809448657
2021-09-22,20,Social,Reactivation,31925,1236,741.05,AED,0.038715740015661707,0.5995550161812297,23.21221613155834
2021-09-23,20,Social,Reactivation,26006,978,815.03,AED,0.03760670614473583,0.833364008179959,31.340075367222948
2023-02-21,21,Email,Acquisition,7769,404,220.89,AED,0.05200154460033466,0.5467574257425742,28.43223066031664
2023-02-22,21,Email,Acquisition,8006,395,216.97,AED,0.049337996502623035,0.5492911392405063,27.100924306769922
2023-02-23,21,Email,Acquisition,7029,537,232.4,AED,0.07639778062313274,0.4327746741154562,33.06302461232038
2023-02-24,21,Email,Acquisition,9913,558,170.82,AED,0.05628972056894986,0.3061290322580645,17.231917683849492
2023-02-25,21,Email,Acquisition,9847,321,236.48,AED,0.03259876104397278,0.7366978193146417,24.015436173453843
2023-02-26,21,Email,Acquisition,12076,769,244.9,AED,0.06368002649884068,0.31846553966189856,20.279894004637296
2023-02-27,21,Email,Acquisition,5440,208,181.85,AED,0.03823529411764706,0.8742788461538461,33.428308823529406
2023-02-28,21,Email,Acquisition,12284,792,264.24,AED,0.06447411266688376,0.3336363636363637,21.510908498860307
2023-03-01,21,Email,Acquisition,16134,610,249.0,AED,0.037808355026651794,0.4081967213114754,15.433246560059501
2023-03-02,21,Email,Acquisition,10317,618,259.7,AED,0.059901134050596105,0.42022653721682846,25.172046137443054
2023-03-03,21,Email,Acquisition,11555,732,234.45,AED,0.06334919948074427,0.3202868852459016,20.28991778450887
2023-03-04,21,Email,Acquisition,6130,235,187.66,AED,0.03833605220228385,0.7985531914893617,30.61337683523654
2023-03-05,21,Email,Acquisition,8703,610,266.59,AED,0.07009077329656441,0.4370327868852459,30.631965988739513
2023-03-06,21,Email,Acquisition,7184,408,243.89,AED,0.05679287305122494,0.5977696078431373,33.94905345211581
2023-03-07,21,Email,Acquisition,11042,647,134.16,AED,0.058594457525810544,0.20735703245749612,12.149972831008874
2023-03-08,21,Email,Acquisition,13345,1015,206.58,AED,0.07605844885724991,0.20352709359605914,15.479955039340577
2023-03-09,21,Email,Acquisition,15533,506,273.12,AED,0.0325758063477757,0.5397628458498024,17.58320994012747
2023-03-10,21,Email,Acquisition,30169,1543,267.21,AED,0.051145215287215356,0.1731756318859365,8.857104975305777
2023-03-11,21,Email,Acquisition,7000,519,222.52,AED,0.07414285714285715,0.428747591522158,31.78857142857143
2023-03-12,21,Email,Acquisition,7428,301,191.6,AED,0.040522347872913304,0.6365448504983389,25.794291868605274
2023-03-13,21,Email,Acquisition,15036,1054,236.61,AED,0.07009843043362596,0.2244876660341556,15.736233040702315
2023-03-14,21,Email,Acquisition,5443,171,190.11,AED,0.031416498254638985,1.1117543859649124,34.927429726253905
2023-03-15,21,Email,Acquisition,6545,348,224.4,AED,0.053170359052711995,0.6448275862068966,34.285714285714285
2023-03-16,21,Email,Acquisition,7862,260,242.8,AED,0.03307046553039939,0.9338461538461539,30.882727041465277
2023-03-17,21,Email,Acquisition,5809,411,199.45,AED,0.07075228094336375,0.485279805352798,34.33465312446204
2023-03-18,21,Email,Acquisition,6764,520,209.82,AED,0.0768775872264932,0.40349999999999997,31.020106445890004
2023-03-19,21,Email,Acquisition,21125,856,209.52,AED,0.0405207100591716,0.24476635514018694,9.91810650887574
2023-03-20,21,Email,Acquisition,13526,723,191.98,AED,0.05345260978855537,0.26553250345781465,14.193405293508796
2023-03-21,21,Email,Acquisition,15993,597,200.27,AED,0.03732883136372163,0.3354606365159129,12.52235352966923
2023-03-22,21,Email,Acquisition,6038,410,206.96,AED,0.06790327923153362,0.504780487804878,34.27625041404439
2023-03-23,21,Email,Acquisition,13804,965,214.19,AED,0.06990727325412924,0.22195854922279792,15.51651695160823
2023-03-24,21,Email,Acquisition,13786,619,231.74,AED,0.04490062382126795,0.37437802907915996,16.809807050631075
2023-03-25,21,Email,Acquisition,13426,641,200.39,AED,0.04774318486518695,0.3126209048361934,14.9255176523164
2023-03-26,21,Email,Acquisition,7816,258,204.78,AED,0.03300921187308086,0.7937209302325582,26.200102354145343
2023-03-27,21,Email,Acquisition,19678,927,235.49,AED,0.04710844598028255,0.25403451995685006,11.96717146051428
2022-07-02,22,Affiliate,Reactivation,10236,193,320.86,AED,0.018855021492770612,1.6624870466321244,31.34622899570145
2022-07-03,22,Affiliate,Reactivation,21557,626,348.48,AED,0.029039291181518764,0.5566773162939297,16.165514682005846
2022-07-04,22,Affiliate,Reactivation,10287,189,305.57,AED,0.01837270341207349,1.6167724867724866,29.70448138427141
2022-07-05,22,Affiliate,Reactivation,30259,925,359.79,AED,0.030569417363429063,0.3889621621621622,11.890346673716913
2022-07-06,22,Affiliate,Reactivation,31944,868,491.57,AED,0.027172551965940397,0.5663248847926268,15.388492361632858
2022-07-07,22,Affiliate,Reactivation,21254,755,345.9,AED,0.03552272513409241,0.4581456953642384,16.274583607791474
2022-07-08,22,Affiliate,Reactivation,32120,817,306.38,AED,0.025435865504358654,0.3750061199510404,9.538605230386052
2022-07-09,22,Affiliate,Reactivation,18780,594,441.46,AED,0.031629392971246006,0.7431986531986532,23.50692225772098
2022-07-10,22,Affiliate,Reactivation,11499,420,333.26,AED,0.036524915210018265,0.7934761904761904,28.981650578311157
2022-07-11,22,Affiliate,Reactivation,12085,480,370.82,AED,0.03971865949524204,0.7725416666666667,30.68431940422011
2022-07-12,22,Affiliate,Reactivation,7773,188,248.89,AED,0.024186285861314806,1.323882978723404,32.0198121703332
2022-07-13,22,Affiliate,Reactivation,12402,338,347.56,AED,0.027253668763102725,1.028284023668639,28.024512175455573
2022-07-14,22,Affiliate,Reactivation,13129,472,276.33,AED,0.03595094828242821,0.5854449152542373,21.04729987051565
2022-07-15,22,Affiliate,Reactivation,21075,489,400.1,AED,0.023202846975088967,0.8182004089979551,18.98457888493476
2022-07-16,22,Affiliate,Reactivation,16333,556,330.88,AED,0.03404151105124594,0.5951079136690648,20.258372619849382
2022-07-17,22,Affiliate,Reactivation,10013,194,337.35,AED,0.019374812743433535,1.738917525773196,33.691201438130435
2022-07-18,22,Affiliate,Reactivation,14333,422,334.39,AED,0.029442545175469195,0.7923933649289099,23.33007744366148
2022-07-19,22,Affiliate,Reactivation,32851,946,466.66,AED,0.02879668807646647,0.49329809725158563,14.205351435268334
2022-07-20,22,Affiliate,Reactivation,18936,597,341.78,AED,0.031527249683143216,0.5724958123953099,18.049218419940853
2022-07-21,22,Affiliate,Reactivation,27804,610,361.52,AED,0.02193928931089052,0.592655737704918,13.002445691267443
2022-07-22,22,Affiliate,Reactivation,21035,411,292.5,AED,0.019538863798431186,0.7116788321167883,13.905395768956502
2022-07-23,22,Affiliate,Reactivation,9728,381,321.34,AED,0.03916529605263158,0.8434120734908136,33.032483552631575
2022-07-24,22,Affiliate,Reactivation,16816,312,393.9,AED,0.018553758325404377,1.2625,23.42411988582302
2022-07-25,22,Affiliate,Reactivation,23108,396,414.1,AED,0.017136922277998963,1.0457070707070708,17.920200796261035
2022-07-26,22,Affiliate,Reactivation,14031,506,323.18,AED,0.036063003349725606,0.6386956521739131,23.033283443803008
2022-07-27,22,Affiliate,Reactivation,12315,252,322.23,AED,0.02046285018270402,1.2786904761904763,26.165651644336176
2022-07-28,22,Affiliate,Reactivation,27034,996,375.55,AED,0.03684249463638381,0.3770582329317269,13.891765924391509
2022-07-29,22,Affiliate,Reactivation,38177,1403,306.09,AED,0.03674987557953742,0.21816821097647895,8.01765460879587
2022-07-30,22,Affiliate,Reactivation,10325,316,303.56,AED,0.030605326876513315,0.960632911392405,29.400484261501212
2022-07-31,22,Affiliate,Reactivation,15541,369,316.66,AED,0.023743645840036035,0.8581571815718158,20.37578019432469
2022-08-01,22,Affiliate,Reactivation,35530,964,374.21,AED,0.027132001125809175,0.38818464730290453,10.532226287644244
2022-08-02,22,Affiliate,Reactivation,20855,786,300.95,AED,0.03768880364421002,0.3828880407124682,14.430592184128507
2022-08-03,22,Affiliate,Reactivation,15266,406,315.06,AED,0.02659504781868204,0.7760098522167488,20.638019127472813
2022-08-04,22,Affiliate,Reactivation,15043,387,318.26,AED,0.025726251412617165,0.8223772609819121,21.15668417204015
2022-08-05,22,Affiliate,Reactivation,15515,620,374.17,AED,0.039961327747341284,0.6035,24.116661295520466
2022-08-06,22,Affiliate,Reactivation,10627,204,322.49,AED,0.019196386562529408,1.5808333333333333,30.34628775759857
2022-08-07,22,Affiliate,Reactivation,47951,964,423.05,AED,0.020103856019686762,0.4388485477178423,8.822548017768138
2022-08-08,22,Affiliate,Reactivation,14529,548,357.55,AED,0.03771766811205176,0.652463503649635,24.609401885883408
2022-08-09,22,Affiliate,Reactivation,10945,301,238.24,AED,0.027501142074006394,0.7914950166112957,21.767016902695296
2022-08-10,22,Affiliate,Reactivation,7850,149,240.68,AED,0.01898089171974522,1.6153020134228189,30.65987261146497
2022-08-11,22,Affiliate,Reactivation,50806,1332,440.71,AED,0.026217375900484195,0.33086336336336336,8.674369168995787
2022-08-12,22,Affiliate,Reactivation,13110,288,320.21,AED,0.021967963386727688,1.1118402777777776,24.424866514111365
2022-08-13,22,Affiliate,Reactivation,28967,709,367.44,AED,0.02447612800773294,0.5182510578279267,12.684779231539338
2022-08-14,22,Affiliate,Reactivation,11549,209,326.5,AED,0.018096804918174735,1.562200956937799,28.270845960689236
2022-08-15,22,Affiliate,Reactivation,14417,301,416.16,AED,0.02087812998543386,1.382591362126246,28.865922175209825
2022-08-16,22,Affiliate,Reactivation,11670,288,386.14,AED,0.024678663239074552,1.3407638888888889,33.08826049700086
2022-08-17,22,Affiliate,Reactivation,45697,707,447.22,AED,0.015471475151541677,0.6325601131541726,9.786638072521173
2022-08-18,22,Affiliate,Reactivation,12280,256,355.28,AED,0.020846905537459284,1.3878125,28.93159609120521
2022-08-19,22,Affiliate,Reactivation,24148,380,418.19,AED,0.015736292860692398,1.1005,17.317790293191983
2022-08-20,22,Affiliate,Reactivation,10692,231,354.95,AED,0.021604938271604937,1.5365800865800865,33.19771791994014
2022-08-21,22,Affiliate,Reactivation,14826,473,363.38,AED,0.03190341292324295,0.768245243128964,24.509645217860513
2022-08-22,22,Affiliate,Reactivation,11788,437,395.78,AED,0.03707159823549372,0.9056750572082379,33.57482185273159
2022-08-23,22,Affiliate,Reactivation,11669,255,326.21,AED,0.02185277230268232,1.2792549019607842,27.955266089639213
2022-08-24,22,Affiliate,Reactivation,11405,259,396.14,AED,0.02270933800964489,1.5294980694980695,34.73388864533099
2022-08-25,22,Affiliate,Reactivation,24883,422,427.48,AED,0.016959369850902222,1.0129857819905215,17.17960053048266
2022-08-26,22,Affiliate,Reactivation,15287,548,264.03,AED,0.035847452083469615,0.48180656934306565,17.271537908026424
2022-08-27,22,Affiliate,Reactivation,9907,194,329.52,AED,0.019582113657010194,1.6985567010309277,33.26133037246391
2022-08-28,22,Affiliate,Reactivation,39691,687,383.77,AED,0.01730870978307425,0.5586171761280931,9.668942581441636
2022-08-29,22,Affiliate,Reactivation,27440,819,340.13,AED,0.029846938775510205,0.4152991452991453,12.395408163265305
2022-08-30,22,Affiliate,Reactivation,24189,647,354.61,AED,0.02674769523337054,0.5480834621329213,14.65996940758196
2022-08-31,22,Affiliate,Reactivation,7461,252,193.04,AED,0.033775633293124246,0.766031746031746,25.87320734485994
2022-09-01,22,Affiliate,Reactivation,11556,409,374.64,AED,0.03539286950501904,0.9159902200488997,32.41952232606438
2022-09-02,22,Affiliate,Reactivation,15120,247,430.02,AED,0.016335978835978836,1.7409716599190284,28.44047619047619
2022-09-03,22,Affiliate,Reactivation,15918,590,300.3,AED,0.03706495790928509,0.5089830508474577,18.86543535620053
2022-09-04,22,Affiliate,Reactivation,13732,518,441.9,AED,0.03772210894261579,0.8530888030888031,32.18030876784154
2022-09-05,22,Affiliate,Reactivation,26723,528,409.78,AED,0.019758260674325488,0.7760984848484848,15.334356172585412
2022-09-06,22,Affiliate,Reactivation,22489,529,292.03,AED,0.02352261105429321,0.5520415879017013,12.985459558006136
2022-09-07,22,Affiliate,Reactivation,36875,1230,414.37,AED,0.03335593220338983,0.3368861788617886,11.23715254237288
2022-09-08,22,Affiliate,Reactivation,15058,334,336.54,AED,0.02218090051799708,1.0076047904191618,22.34958161774472
2022-09-09,22,Affiliate,Reactivation,10363,267,249.7,AED,0.025764739940171765,0.9352059925093632,24.09533918749397
2022-09-10,22,Affiliate,Reactivation,27858,499,346.53,AED,0.017912269366070786,0.6944488977955912,12.43915571828559
2022-09-11,22,Affiliate,Reactivation,23023,767,398.0,AED,0.033314511575381144,0.5189048239895697,17.287060765321637
2022-09-12,22,Affiliate,Reactivation,13795,528,355.69,AED,0.03827473722363175,0.6736553030303031,25.783979702790866
2022-09-13,22,Affiliate,Reactivation,14141,529,364.0,AED,0.03740895269075737,0.6880907372400756,25.740753836362348
2022-09-14,22,Affiliate,Reactivation,22194,514,416.96,AED,0.023159412453816346,0.8112062256809338,18.787059565648374
2022-09-15,22,Affiliate,Reactivation,14578,387,343.69,AED,0.026546851419947868,0.8880878552971576,23.575936342433806
2022-09-16,22,Affiliate,Reactivation,31685,1252,355.04,AED,0.03951396559886382,0.2835782747603834,11.20530219346694
2022-09-17,22,Affiliate,Reactivation,48419,1523,429.77,AED,0.03145459427084409,0.28218647406434666,8.876061050414094
2022-09-18,22,Affiliate,Reactivation,17064,300,381.76,AED,0.017580872011251757,1.2725333333333333,22.372245663384906
2022-10-25,23,Paid Search,Retention,43861,2975,701.85,AED,0.06782791090034426,0.23591596638655463,16.001687148035842
2022-10-26,23,Paid Search,Retention,18264,1267,549.86,AED,0.06937144108628997,0.43398579321231257,30.10621988611476
2022-10-27,23,Paid Search,Retention,51536,1898,482.35,AED,0.036828624650729586,0.2541359325605901,9.359476870537101
2022-10-28,23,Paid Search,Retention,22054,1125,588.52,AED,0.05101115443910402,0.5231288888888889,26.685408542667993
2022-10-29,23,Paid Search,Retention,49377,2726,732.13,AED,0.05520789031330377,0.26857300073367574,14.82734876561962
2022-10-30,23,Paid Search,Retention,30531,1948,540.36,AED,0.0638040024892732,0.2773921971252567,17.69873243588484
2022-10-31,23,Paid Search,Retention,38131,1818,666.23,AED,0.047677742519210094,0.36646314631463145,17.472135532768615
2022-11-01,23,Paid Search,Retention,27226,1265,810.1,AED,0.04646293983692059,0.6403952569169961,29.754646293983694
2022-11-02,23,Paid Search,Retention,16991,726,521.72,AED,0.04272850332528986,0.7186225895316805,30.705667706432816
2022-11-03,23,Paid Search,Retention,21253,1345,388.66,AED,0.06328518326824448,0.28896654275092937,18.287300616383572
2022-11-04,23,Paid Search,Retention,31084,1417,634.02,AED,0.045586153648179126,0.4474382498235709,20.39698880452966
2022-11-05,23,Paid Search,Retention,23891,935,792.68,AED,0.039136076346741454,0.8477860962566844,33.1790213888075
2022-11-06,23,Paid Search,Retention,31093,1123,695.02,AED,0.03611745408934487,0.6188958147818343,22.35294117647059
2022-11-07,23,Paid Search,Retention,34607,1705,721.25,AED,0.04926748923628168,0.42302052785923755,20.841159303031176
2022-11-08,23,Paid Search,Retention,21089,1153,721.69,AED,0.05467305230214804,0.6259236773633998,34.221157949642
2022-11-09,23,Paid Search,Retention,21106,789,576.16,AED,0.03738273476736473,0.7302408111533586,27.298398559651282
2022-11-10,23,Paid Search,Retention,23553,1597,578.14,AED,0.06780452596272236,0.3620162805259862,24.546342291852415
2022-11-11,23,Paid Search,Retention,25312,953,654.78,AED,0.03765012642225032,0.6870724029380902,25.86836283185841
2022-11-12,23,Paid Search,Retention,39612,2542,748.15,AED,0.06417247298798344,0.29431549960660897,18.88695344844996
2022-11-13,23,Paid Search,Retention,15600,880,467.94,AED,0.05641025641025641,0.53175,29.996153846153845
2022-11-14,23,Paid Search,Retention,49425,2343,536.69,AED,0.0474051593323217,0.2290610328638498,10.858674759736976
2022-11-15,23,Paid Search,Retention,31521,1848,603.81,AED,0.05862758161225849,0.32673701298701296,19.15580089464167
2022-11-16,23,Paid Search,Retention,33173,1372,619.41,AED,0.0413589364844904,0.45146501457725946,18.672112862870407
2022-11-17,23,Paid Search,Retention,56926,3640,696.44,AED,0.0639426624038225,0.19132967032967035,12.234128517724766
2022-11-18,23,Paid Search,Retention,53124,3494,666.26,AED,0.06577064980046683,0.1906868918145392,12.541600783073564
2022-11-19,23,Paid Search,Retention,26999,1163,622.07,AED,0.0430756694692396,0.5348839208942391,23.040482980851145
2022-11-20,23,Paid Search,Retention,25202,1076,853.6,AED,0.04269502420442822,0.7933085501858737,33.87032775176573
2022-11-21,23,Paid Search,Retention,21223,1436,677.59,AED,0.06766244169061866,0.47185933147632314,31.927154502191023
2022-11-22,23,Paid Search,Retention,27936,1372,698.55,AED,0.04911225658648339,0.5091472303206996,25.005369415807557
2022-11-23,23,Paid Search,Retention,26344,1411,745.94,AED,0.053560583054965076,0.5286605244507442,28.31536592772548
2022-11-24,23,Paid Search,Retention,21672,1383,601.42,AED,0.06381506090808417,0.4348662328271872,27.751015134736065
2022-11-25,23,Paid Search,Retention,71943,4615,860.0,AED,0.06414800606035334,0.18634886240520043,11.953907954908747
2022-11-26,23,Paid Search,Retention,40590,1959,797.41,AED,0.04826311899482631,0.4070495150587034,19.64547918206455
2022-11-27,23,Paid Search,Retention,21095,923,689.95,AED,0.04375444418108557,0.7475081256771398,32.706802559848306
2022-11-28,23,Paid Search,Retention,30620,1402,669.99,AED,0.045787067276290006,0.47788159771754635,21.880796864794252
2022-11-29,23,Paid Search,Retention,34052,1579,799.28,AED,0.04637025725361212,0.5061937935402153,23.472336426641608
2022-11-30,23,Paid Search,Retention,24078,1134,666.15,AED,0.04709693496137553,0.5874338624338624,27.666334413157237
2022-12-01,23,Paid Search,Retention,27498,1737,718.25,AED,0.06316823041675758,0.41350028785261944,26.12008146046985
2022-12-02,23,Paid Search,Retention,22731,1007,662.59,AED,0.04430073467951256,0.6579841112214498,29.149179534556335
2022-12-03,23,Paid Search,Retention,21143,759,734.5,AED,0.03589840609185073,0.9677206851119895,34.7396301376342
2022-12-04,23,Paid Search,Retention,31715,1243,842.91,AED,0.03919281097272584,0.6781255028157682,26.57764464764307
2022-12-05,23,Paid Search,Retention,23522,972,784.24,AED,0.04132301675027634,0.8068312757201647,33.340702321231184
2022-12-06,23,Paid Search,Retention,33424,1809,544.65,AED,0.05412278602202011,0.301077943615257,16.295177118238392
2022-12-07,23,Paid Search,Retention,38088,1546,733.74,AED,0.040590212140306656,0.4746054333764554,19.264335223692502
2022-12-08,23,Paid Search,Retention,22682,1506,645.23,AED,0.06639626135261441,0.42843957503320057,28.446785997707433
2022-12-09,23,Paid Search,Retention,53851,2625,553.13,AED,0.04874561289483947,0.21071619047619047,10.27148985162764
2022-12-10,23,Paid Search,Retention,63058,2723,782.02,AED,0.043182466935202515,0.2871905986044803,12.401598528338988
2022-12-11,23,Paid Search,Retention,97627,6269,843.51,AED,0.06421379331537382,0.1345525602169405,8.640130291825008
2022-12-12,23,Paid Search,Retention,21975,1091,725.51,AED,0.049647326507394764,0.6649954170485792,33.01524459613197
2022-12-13,23,Paid Search,Retention,68265,2483,639.43,AED,0.036372958324177834,0.25752315747080146,9.366879074196147
2022-12-14,23,Paid Search,Retention,54959,3045,482.19,AED,0.055404938226678066,0.15835467980295567,8.773631252388144
2022-12-15,23,Paid Search,Retention,97450,6096,809.34,AED,0.06255515649050795,0.13276574803149607,8.305182144689585
2022-12-16,23,Paid Search,Retention,27911,1365,666.68,AED,0.04890544946436889,0.48841025641025637,23.885923112751243
2022-12-17,23,Paid Search,Retention,19593,1058,671.91,AED,0.05399887715000255,0.6350756143667297,34.29337008115143
2022-12-18,23,Paid Search,Retention,50368,3356,772.17,AED,0.06662960609911055,0.23008641239570918,15.330567026683608
2022-12-19,23,Paid Search,Retention,31583,1713,572.22,AED,0.05423803945160371,0.334045534150613,18.117974859892982
2022-12-20,23,Paid Search,Retention,21844,1380,665.68,AED,0.06317524262955503,0.48237681159420287,30.474272111334916
2022-12-21,23,Paid Search,Retention,43724,1876,614.62,AED,0.04290549812459976,0.3276226012793177,14.05681090476626
2022-12-22,23,Paid Search,Retention,38834,2542,664.51,AED,0.06545810372354123,0.26141227380015736,17.111551733017457
2022-12-23,23,Paid Search,Retention,57028,2417,584.84,AED,0.04238268920530266,0.24196938353330577,10.255313179490777
2022-12-24,23,Paid Search,Retention,22377,1092,381.07,AED,0.04880010725298297,0.34896520146520144,17.02953925906064
2022-12-25,23,Paid Search,Retention,28586,1161,637.73,AED,0.040614286713775975,0.5492937123169681,22.30917232211572
2022-12-26,23,Paid Search,Retention,28410,1147,810.39,AED,0.04037310806054206,0.7065300784655624,28.52481520591341
2022-12-27,23,Paid Search,Retention,58810,2610,707.47,AED,0.044380207447712976,0.27106130268199236,12.029756844074138
2022-12-28,23,Paid Search,Retention,21202,784,558.72,AED,0.036977643618526554,0.7126530612244898,26.35223092161117
2022-12-29,23,Paid Search,Retention,55746,2715,498.16,AED,0.04870304595845442,0.1834843462246777,8.936246546837442
2022-12-30,23,Paid Search,Retention,22900,1009,579.86,AED,0.04406113537117904,0.5746878097125867,25.321397379912664
2022-12-31,23,Paid Search,Retention,23097,1532,737.37,AED,0.06632896047105685,0.48131201044386424,31.92492531497597
2023-01-01,23,Paid Search,Retention,30051,1304,574.14,AED,0.043392898738810685,0.4402914110429448,19.105520614954578
2023-01-02,23,Paid Search,Retention,22920,1464,599.46,AED,0.06387434554973823,0.40946721311475415,26.154450261780106
2023-01-03,23,Paid Search,Retention,41396,1675,774.89,AED,0.04046284665185042,0.46262089552238805,18.718958353464103
2023-01-04,23,Paid Search,Retention,26093,1242,728.65,AED,0.04759897290461043,0.5866747181964573,27.925114015253133
2023-01-05,23,Paid Search,Retention,54391,3793,554.42,AED,0.06973580187898733,0.1461692591616135,10.193230497692634
2023-01-06,23,Paid Search,Retention,62722,4365,766.31,AED,0.06959280635183827,0.1755578465063001,12.21756321545869
2023-01-07,23,Paid Search,Retention,24414,1101,766.23,AED,0.04509707544851315,0.6959400544959128,31.384861145244532
2023-01-08,23,Paid Search,Retention,41748,2366,861.17,AED,0.05667337357478203,0.36397717666948437,20.627814506084125
2023-01-09,23,Paid Search,Retention,30744,1683,520.13,AED,0.0547423887587822,0.30904931669637553,16.918097840228988
2023-01-10,23,Paid Search,Retention,15668,658,485.17,AED,0.041996425836099055,0.7373404255319149,30.965662496808783
2023-01-11,23,Paid Search,Retention,22974,1251,694.49,AED,0.05445285975450509,0.5551478816946442,30.22938974492905
2023-01-12,23,Paid Search,Retention,24747,880,718.84,AED,0.035559865842324324,0.8168636363636363,29.04756132056411
2023-01-13,23,Paid Search,Retention,20205,886,579.2,AED,0.04385053204652314,0.65372460496614,28.6661717396684
2023-01-14,23,Paid Search,Retention,19352,746,607.1,AED,0.0385489871847871,0.8138069705093834,31.371434477056635
2023-01-15,23,Paid Search,Retention,45771,2685,766.99,AED,0.05866159795503703,0.2856573556797021,16.757116951781697
2023-01-16,23,Paid Search,Retention,30005,1683,721.46,AED,0.056090651558073655,0.4286749851455734,24.04465922346276
2023-01-17,23,Paid Search,Retention,38309,1710,750.28,AED,0.04463703046281552,0.43876023391812863,19.584953927275574
2023-01-18,23,Paid Search,Retention,29783,1278,856.32,AED,0.04291038511902763,0.6700469483568076,28.75197260181983
2023-01-19,23,Paid Search,Retention,22877,1398,569.28,AED,0.06110941119902085,0.40721030042918455,24.884381693403856
2021-11-07,24,Display,Acquisition,48082,433,668.6,AED,0.009005449024583004,1.5441108545034643,13.90541158853625
2021-11-08,24,Display,Acquisition,20233,177,625.93,AED,0.00874808481194089,3.536327683615819,30.936094499085648
2021-11-09,24,Display,Acquisition,18381,253,511.41,AED,0.01376421304608019,2.021383399209486,27.822751754529133
2021-11-10,24,Display,Acquisition,39530,628,670.56,AED,0.015886668353149506,1.0677707006369426,16.96331899822919
2021-11-11,24,Display,Acquisition,71314,669,596.86,AED,0.009381047199708331,0.8921674140508221,8.369464621252488
2021-11-12,24,Display,Acquisition,22102,242,503.94,AED,0.010949235363315537,2.082396694214876,22.800651524748893
2021-11-13,24,Display,Acquisition,48311,931,772.51,AED,0.019270973484299642,0.8297636949516649,15.99035416364803
2021-11-14,24,Display,Acquisition,26565,438,617.01,AED,0.016487859966120837,1.4086986301369864,23.22642574816488
2021-11-15,24,Display,Acquisition,69360,660,684.84,AED,0.009515570934256055,1.0376363636363637,9.873702422145328
2021-11-16,24,Display,Acquisition,13737,204,450.11,AED,0.014850404018344617,2.206421568627451,32.766251728907335
2021-11-17,24,Display,Acquisition,58618,1181,695.72,AED,0.020147394998123444,0.5890939881456393,11.868709270190044
2021-11-18,24,Display,Acquisition,23135,539,621.0,AED,0.02329803328290469,1.1521335807050093,26.84244650961746
2021-11-19,24,Display,Acquisition,14735,287,433.06,AED,0.019477434679334917,1.5089198606271776,29.389888021717
2021-11-20,24,Display,Acquisition,39624,317,633.48,AED,0.008000201897839693,1.9983596214511041,15.987280436099333
2021-11-21,24,Display,Acquisition,39999,468,613.71,AED,0.011700292507312682,1.311346153846154,15.34313357833946
2021-11-22,24,Display,Acquisition,29439,243,707.25,AED,0.008254356465912565,2.9104938271604937,24.02425354122083
2021-11-23,24,Display,Acquisition,26365,355,729.73,AED,0.013464820785131804,2.0555774647887324,27.677982173335863
2021-11-24,24,Display,Acquisition,38269,393,660.3,AED,0.010269408659750711,1.6801526717557251,17.25417439703154
2021-11-25,24,Display,Acquisition,73483,1626,775.2,AED,0.022127566920240056,0.4767527675276753,10.549378767878284
2021-11-26,24,Display,Acquisition,57559,853,621.22,AED,0.014819576434614916,0.7282766705744431,10.79275178512483
2021-11-27,24,Display,Acquisition,23792,505,658.6,AED,0.021225622057834567,1.3041584158415842,27.681573638197715
2021-11-28,24,Display,Acquisition,34823,286,517.86,AED,0.008212962697068029,1.8106993006993009,14.871205812250524
2021-11-29,24,Display,Acquisition,31983,718,722.44,AED,0.0224494262576994,1.0061838440111421,22.588250007816654
2021-11-30,24,Display,Acquisition,27754,262,607.55,AED,0.009440080709086978,2.3188931297709923,21.89053830078547
2021-12-01,24,Display,Acquisition,28496,412,650.27,AED,0.014458169567658618,1.5783252427184467,22.819693992139246
2021-12-02,24,Display,Acquisition,31733,305,459.76,AED,0.009611445498377084,1.5074098360655737,14.488387483061798
2021-12-03,24,Display,Acquisition,44584,429,735.77,AED,0.009622286021891262,1.715081585081585,16.50300556253364
2021-12-04,24,Display,Acquisition,23051,574,728.13,AED,0.024901305800182204,1.2685191637630662,31.58778361025552
2021-12-05,24,Display,Acquisition,15856,345,376.33,AED,0.02175832492431887,1.0908115942028984,23.734233097880924
2021-12-06,24,Display,Acquisition,26052,506,491.68,AED,0.019422693075387687,0.971699604743083,18.87302318440043
2021-12-07,24,Display,Acquisition,19059,254,503.54,AED,0.013327037095335536,1.9824409448818898,26.420064011752977
2021-12-08,24,Display,Acquisition,55026,981,630.87,AED,0.017827935884854432,0.6430886850152905,11.464943844727948
2021-12-09,24,Display,Acquisition,19306,384,515.91,AED,0.019890189578369417,1.343515625,26.722780482751475
2021-12-10,24,Display,Acquisition,30154,615,648.29,AED,0.0203953041055913,1.054130081300813,21.499303574981756
2021-12-11,24,Display,Acquisition,25607,286,632.95,AED,0.01116882102550084,2.213111888111888,24.71785058772992
2021-12-12,24,Display,Acquisition,25469,288,788.24,AED,0.01130786446268012,2.7369444444444446,30.948996819663122
2021-12-13,24,Display,Acquisition,44688,1089,508.99,AED,0.024368958109559614,0.4673921028466483,11.389858575008951
2021-12-14,24,Display,Acquisition,25011,430,595.52,AED,0.01719243532845548,1.3849302325581394,23.81032345767862
2021-12-15,24,Display,Acquisition,49589,444,511.91,AED,0.008953598580330315,1.1529504504504504,10.32305551634435
2021-12-16,24,Display,Acquisition,27229,326,618.04,AED,0.011972529288626098,1.8958282208588957,22.697858900437033
2021-12-17,24,Display,Acquisition,20577,451,518.96,AED,0.021917675074111874,1.150687361419069,25.220391699470287
2021-12-18,24,Display,Acquisition,22552,277,600.16,AED,0.012282724370344094,2.1666425992779783,26.612273855977296
2021-12-19,24,Display,Acquisition,33557,618,547.31,AED,0.018416425782996095,0.8856148867313915,16.309860833805168
2021-12-20,24,Display,Acquisition,41654,787,743.55,AED,0.018893743698084216,0.9447903430749682,17.850626590483508
2021-12-21,24,Display,Acquisition,31674,355,652.08,AED,0.011207930794973795,1.8368450704225354,20.587232430384546
2021-12-22,24,Display,Acquisition,36513,857,645.66,AED,0.023471092487607155,0.7533955659276546,17.683017007641112
2021-12-23,24,Display,Acquisition,88981,1189,762.15,AED,0.013362403209673974,0.6410008410428931,8.565311695755273
2021-12-24,24,Display,Acquisition,19355,285,507.95,AED,0.014724877292689228,1.782280701754386,26.243864634461378
2021-12-25,24,Display,Acquisition,25023,393,711.15,AED,0.015705550893178277,1.8095419847328245,28.4198537345642
2021-12-26,24,Display,Acquisition,44776,449,661.52,AED,0.010027693407182419,1.4733184855233852,14.773986063962836
2021-12-27,24,Display,Acquisition,24725,605,588.04,AED,0.024469160768452982,0.9719669421487602,23.783215369059654
2021-12-28,24,Display,Acquisition,31868,529,546.9,AED,0.01659972386092632,1.033837429111531,17.161415840341405
2021-12-29,24,Display,Acquisition,47321,907,585.46,AED,0.01916696604044716,0.6454906284454245,12.372096954840346
2021-12-30,24,Display,Acquisition,44694,1028,496.51,AED,0.023000850225981116,0.4829863813229572,11.109097417997942
2021-12-31,24,Display,Acquisition,23354,340,448.42,AED,0.014558533870000856,1.3188823529411766,19.200993405840542
2022-01-01,24,Display,Acquisition,21038,190,536.53,AED,0.009031276737332446,2.8238421052631577,25.502899515163037
2022-01-02,24,Display,Acquisition,25901,621,776.28,AED,0.023975908266090112,1.250048309178744,29.971043589050613
2022-01-03,24,Display,Acquisition,52647,848,636.44,AED,0.01610728056679393,0.7505188679245284,12.088817976332937
2022-01-04,24,Display,Acquisition,25245,451,612.18,AED,0.01786492374727669,1.3573835920177382,24.249554367201426
2022-01-05,24,Display,Acquisition,39288,575,448.84,AED,0.014635512115658725,0.7805913043478261,11.424353492160455
2022-01-06,24,Display,Acquisition,41007,839,508.16,AED,0.02045992147682103,0.605673420738975,12.392030628917015
2021-03-19,25,Paid Search,Cross-sell,37845,2088,1193.7,AED,0.05517241379310345,0.5716954022988506,31.541815299246927
2021-03-20,25,Paid Search,Cross-sell,61287,3867,1061.99,AED,0.06309657839346028,0.27462891130074996,17.328144630998416
2021-03-21,25,Paid Search,Cross-sell,33969,2268,790.75,AED,0.06676675792634461,0.3486552028218695,23.27857752656834
2021-03-22,25,Paid Search,Cross-sell,48749,2211,911.63,AED,0.045354776508236064,0.41231569425599274,18.700486163818745
2021-03-23,25,Paid Search,Cross-sell,45266,2528,891.07,AED,0.055847656077409095,0.35248022151898734,19.685194185481375
2021-03-24,25,Paid Search,Cross-sell,87537,5942,890.84,AED,0.06787986794155614,0.14992258498821945,10.176725270457064
2021-03-25,25,Paid Search,Cross-sell,31922,1206,969.41,AED,0.037779587745128754,0.8038225538971807,30.368084706472022
2021-03-26,25,Paid Search,Cross-sell,52807,3012,1102.34,AED,0.05703789270361884,0.36598273572377155,20.874884011589373
2021-03-27,25,Paid Search,Cross-sell,62495,4245,967.49,AED,0.06792543403472277,0.2279128386336867,15.481078486278903
2021-03-28,25,Paid Search,Cross-sell,86118,5651,978.08,AED,0.06561926658770524,0.1730808706423642,11.357439791913423
2021-03-29,25,Paid Search,Cross-sell,40544,2747,960.0,AED,0.06775355169692186,0.3494721514379323,23.677979479084453
2021-03-30,25,Paid Search,Cross-sell,21368,1107,558.81,AED,0.0518064395357544,0.5047967479674796,26.151722201422686
2021-03-31,25,Paid Search,Cross-sell,40744,2344,809.85,AED,0.057529943059100724,0.3454991467576792,19.87654623993717
2021-04-01,25,Paid Search,Cross-sell,46297,1708,846.59,AED,0.03689223923796358,0.49566159250585484,18.286066051796013
2021-04-02,25,Paid Search,Cross-sell,55307,2354,1014.71,AED,0.042562424286256714,0.43105777400169926,18.346863868949683
2021-04-03,25,Paid Search,Cross-sell,46575,1708,929.16,AED,0.03667203435319377,0.5440046838407494,19.949758454106277
2021-04-04,25,Paid Search,Cross-sell,40150,1901,958.63,AED,0.04734744707347447,0.5042766964755392,23.87621419676214
2021-04-05,25,Paid Search,Cross-sell,32357,1760,957.6,AED,0.054393176128812934,0.5440909090909091,29.594832648267765
2021-04-06,25,Paid Search,Cross-sell,32938,1842,961.11,AED,0.0559232497419394,0.5217752442996743,29.179367296132128
2021-04-07,25,Paid Search,Cross-sell,54735,3750,1049.93,AED,0.06851192107426693,0.27998133333333336,19.182059011601353
2021-04-08,25,Paid Search,Cross-sell,86590,4926,1208.21,AED,0.05688878623397621,0.24527202598457168,13.953227855410555
2021-04-09,25,Paid Search,Cross-sell,43580,1807,1021.23,AED,0.04146397430013768,0.5651521859435529,23.433455713630106
2021-04-10,25,Paid Search,Cross-sell,32171,1715,920.74,AED,0.05330888066892543,0.5368746355685131,28.620185881694695
2021-04-11,25,Paid Search,Cross-sell,57925,3378,818.07,AED,0.05831678895123004,0.2421758436944938,14.122917565817868
2023-08-13,26,Email,Reactivation,14265,559,177.05,AED,0.03918682089029092,0.3167262969588551,12.411496670171749
2023-08-14,26,Email,Reactivation,11760,580,158.32,AED,0.04931972789115646,0.2729655172413793,13.462585034013605
2023-08-15,26,Email,Reactivation,8095,438,176.62,AED,0.05410747374922792,0.4032420091324201,21.818406423718343
2023-08-16,26,Email,Reactivation,8994,647,164.92,AED,0.07193684678674672,0.25489953632148377,18.336668890371357
2023-08-17,26,Email,Reactivation,18663,626,180.57,AED,0.03354230295236564,0.2884504792332268,9.67529336119595
2023-08-18,26,Email,Reactivation,6317,368,148.42,AED,0.058255501028969446,0.4033152173913043,23.495330061738166
2023-08-19,26,Email,Reactivation,5434,176,184.3,AED,0.032388663967611336,1.0471590909090909,33.91608391608392
2023-08-20,26,Email,Reactivation,19510,628,207.71,AED,0.032188621219887234,0.3307484076433121,10.64633521271143
2023-08-21,26,Email,Reactivation,7266,234,184.8,AED,0.03220478943022296,0.7897435897435898,25.433526011560694
2023-08-22,26,Email,Reactivation,4292,309,143.96,AED,0.07199440820130475,0.4658899676375405,33.54147250698975
2023-08-23,26,Email,Reactivation,13330,484,167.79,AED,0.03630907726931733,0.34667355371900826,12.587396849212302
2023-08-24,26,Email,Reactivation,15373,859,174.16,AED,0.05587718727639368,0.20274738067520373,11.328953359786638
2023-08-25,26,Email,Reactivation,4628,297,160.7,AED,0.06417458945548833,0.541077441077441,34.723422644770956
2023-08-26,26,Email,Reactivation,4323,160,145.37,AED,0.037011334721258386,0.9085625,33.627110802683326
2023-08-27,26,Email,Reactivation,20499,619,206.48,AED,0.030196594955851506,0.3335702746365105,10.072686472510854
2023-08-28,26,Email,Reactivation,4719,293,123.19,AED,0.06208942572578936,0.4204436860068259,26.105107014197923
2023-08-29,26,Email,Reactivation,8945,279,171.9,AED,0.031190609278926775,0.6161290322580646,19.21743991056456
2023-08-30,26,Email,Reactivation,6435,250,109.76,AED,0.03885003885003885,0.43904000000000004,17.05672105672106
2023-08-31,26,Email,Reactivation,13406,665,221.4,AED,0.04960465463225421,0.3329323308270677,16.514993286588094
2023-09-01,26,Email,Reactivation,13754,479,198.03,AED,0.03482623236876545,0.41342379958246345,14.397993311036789
2023-09-02,26,Email,Reactivation,7358,421,193.47,AED,0.05721663495515086,0.4595486935866983,26.293829845066593
2023-09-03,26,Email,Reactivation,7951,605,165.61,AED,0.0760910577285876,0.27373553719008265,20.82882656269652
2023-09-04,26,Email,Reactivation,10036,693,175.12,AED,0.06905141490633719,0.2526984126984127,17.44918294141092
2023-09-05,26,Email,Reactivation,4897,205,170.43,AED,0.04186236471308965,0.8313658536585367,34.80294057586277
2023-09-06,26,Email,Reactivation,12888,643,181.29,AED,0.04989137181874612,0.2819440124416796,14.066573556797021
2023-09-07,26,Email,Reactivation,9519,751,181.45,AED,0.07889484189515705,0.24161118508655124,19.061876247504987
2023-09-08,26,Email,Reactivation,11371,756,193.58,AED,0.06648491777328291,0.2560582010582011,17.024008442529244
2023-09-09,26,Email,Reactivation,8565,504,165.65,AED,0.05884413309982487,0.3286706349206349,19.34033858727379
2023-09-10,26,Email,Reactivation,6109,201,191.81,AED,0.032902275331478145,0.9542786069651742,31.39793746930758
2023-09-11,26,Email,Reactivation,7229,267,192.91,AED,0.03693456909669387,0.7225093632958801,26.685572001659978
2023-09-12,26,Email,Reactivation,11371,636,214.63,AED,0.055931756221968165,0.33746855345911947,18.8752088646557
2023-09-13,26,Email,Reactivation,3443,126,120.19,AED,0.03659599186755736,0.9538888888888889,34.90851002033111
2023-09-14,26,Email,Reactivation,13284,503,153.98,AED,0.03786510087323095,0.3061232604373757,11.591388136103582
2023-09-15,26,Email,Reactivation,6662,492,224.07,AED,0.07385169618733113,0.45542682926829264,33.63404383068148
2023-09-16,26,Email,Reactivation,6304,341,164.35,AED,0.05409263959390863,0.4819648093841642,26.070748730964468
2023-09-17,26,Email,Reactivation,7688,368,148.36,AED,0.047866805411030174,0.40315217391304353,19.29760665972945
2023-09-18,26,Email,Reactivation,17841,956,220.51,AED,0.05358444033406199,0.23065899581589958,12.359733198811725
2023-09-19,26,Email,Reactivation,10034,587,230.24,AED,0.058501096272672914,0.3922316865417377,22.94598365557106
2023-09-20,26,Email,Reactivation,22856,1091,198.4,AED,0.04773363668183409,0.18185151237396885,8.680434021701085
2023-09-21,26,Email,Reactivation,5440,316,158.12,AED,0.05808823529411765,0.5003797468354431,29.06617647058824
2023-09-22,26,Email,Reactivation,8740,610,203.82,AED,0.06979405034324943,0.3341311475409836,23.320366132723112
2023-09-23,26,Email,Reactivation,5421,327,150.97,AED,0.06032097399003874,0.4616819571865443,27.84910533111972
2023-09-24,26,Email,Reactivation,9965,507,150.04,AED,0.05087807325639739,0.2959368836291913,15.056698444555945
2023-09-25,26,Email,Reactivation,7406,412,179.1,AED,0.05563056980826357,0.43470873786407765,24.183094788009722
2023-09-26,26,Email,Reactivation,4683,146,130.37,AED,0.031176596199017723,0.8929452054794521,27.83899209908179
2023-09-27,26,Email,Reactivation,7532,580,179.19,AED,0.07700477960701009,0.30894827586206897,23.790493892724378
2023-09-28,26,Email,Reactivation,16908,1036,177.01,AED,0.061272770286255024,0.17085907335907335,10.469008753252897
2023-09-29,26,Email,Reactivation,6340,319,144.97,AED,0.050315457413249214,0.4544514106583072,22.865930599369086
2023-09-30,26,Email,Reactivation,15485,482,205.95,AED,0.03112689699709396,0.42728215767634853,13.299967710687762
2023-10-01,26,Email,Reactivation,5803,341,181.46,AED,0.058762708943649836,0.5321407624633432,31.270032741685334
2023-10-02,26,Email,Reactivation,6230,320,186.13,AED,0.051364365971107544,0.58165625,29.87640449438202
2023-10-03,26,Email,Reactivation,7239,547,204.48,AED,0.07556292305567067,0.37382084095063983,28.246995441359303
2023-10-04,26,Email,Reactivation,9553,381,145.76,AED,0.039882759342614885,0.38257217847769026,15.258034125405631
2023-10-05,26,Email,Reactivation,12807,580,187.82,AED,0.04528773327086749,0.32382758620689656,14.665417349886779
2023-10-06,26,Email,Reactivation,12167,739,237.46,AED,0.06073806197090491,0.3213261163734777,19.51672556916249
2023-10-07,26,Email,Reactivation,21174,728,216.03,AED,0.03438178898649287,0.2967445054945055,10.20260697081326
2023-10-08,26,Email,Reactivation,13208,583,181.99,AED,0.04413991520290733,0.3121612349914237,13.778770442156269
2023-10-09,26,Email,Reactivation,7716,544,145.13,AED,0.0705028512182478,0.2667830882352941,18.808968377397616
2023-10-10,26,Email,Reactivation,6295,195,208.92,AED,0.030976965845909452,1.0713846153846154,33.188244638602065
2023-10-11,26,Email,Reactivation,16160,1200,196.38,AED,0.07425742574257425,0.16365,12.152227722772277
2023-10-12,26,Email,Reactivation,9354,598,242.29,AED,0.06392986957451358,0.40516722408026756,25.90228779131922
2023-10-13,26,Email,Reactivation,4225,337,140.11,AED,0.07976331360946745,0.4157566765578635,33.1621301775148
2023-10-14,26,Email,Reactivation,4842,157,153.78,AED,0.03242461792647666,0.9794904458598727,31.759603469640645
2023-10-15,26,Email,Reactivation,14556,1089,207.27,AED,0.07481450948062654,0.1903305785123967,14.23948887056884
2023-10-16,26,Email,Reactivation,13454,981,157.81,AED,0.07291511818046678,0.1608664627930683,11.729597145830237
2023-10-17,26,Email,Reactivation,7471,476,160.64,AED,0.06371302369160754,0.33747899159663863,21.50180698701646
2023-10-18,26,Email,Reactivation,7054,321,201.19,AED,0.04550609583215197,0.6267601246105919,28.52140629430111
2023-10-19,26,Email,Reactivation,8313,336,158.7,AED,0.040418621436304585,0.47232142857142856,19.090581017683146
2023-10-20,26,Email,Reactivation,5446,245,180.99,AED,0.04498714652956298,0.7387346938775511,33.23356591994124
2023-10-21,26,Email,Reactivation,6288,429,183.07,AED,0.06822519083969465,0.4267365967365967,29.114185750636132
2023-10-22,26,Email,Reactivation,5870,390,153.44,AED,0.06643952299829642,0.3934358974358974,26.1396933560477
2023-10-23,26,Email,Reactivation,7327,295,172.39,AED,0.0402620444929712,0.5843728813559321,23.528046949638323
2023-10-24,26,Email,Reactivation,6480,403,126.63,AED,0.062191358024691355,0.3142183622828784,19.541666666666664
2023-10-25,26,Email,Reactivation,6448,268,181.33,AED,0.04156327543424317,0.6766044776119403,28.121898263027298
2023-10-26,26,Email,Reactivation,10356,716,138.4,AED,0.06913866357667053,0.19329608938547488,13.364233294708383
2023-10-27,26,Email,Reactivation,5007,242,162.98,AED,0.048332334731376075,0.6734710743801653,32.550429398841615
2023-10-28,26,Email,Reactivation,6206,242,191.45,AED,0.03899452143087335,0.7911157024793388,30.849178214631003
2023-10-29,26,Email,Reactivation,5537,270,187.27,AED,0.04876286797905003,0.6935925925925926,33.82156402383962
2023-10-30,26,Email,Reactivation,7887,279,166.64,AED,0.03537466717383035,0.5972759856630824,21.12843920375301
2023-10-31,26,Email,Reactivation,11905,545,175.14,AED,0.04577908441831163,0.3213577981651376,14.711465770684585
2023-11-01,26,Email,Reactivation,11570,843,187.05,AED,0.07286084701815039,0.22188612099644128,16.166810717372517
2022-04-01,27,Display,Retention,12431,261,387.19,AED,0.020995897353390715,1.483486590038314,31.14713216957606
2022-04-02,27,Display,Retention,11942,234,400.25,AED,0.019594707754145034,1.7104700854700854,33.516161446993806
2022-04-03,27,Display,Retention,19390,320,328.74,AED,0.016503352243424446,1.0273125,16.954100051572976
2022-04-04,27,Display,Retention,34189,454,384.25,AED,0.013279124864722571,0.8463656387665198,11.238994998391295
2022-04-05,27,Display,Retention,16846,381,499.74,AED,0.022616644900866675,1.3116535433070866,29.665202421939927
2022-04-06,27,Display,Retention,15630,340,442.34,AED,0.021753039027511197,1.301,28.300703774792066
2022-04-07,27,Display,Retention,9077,120,304.42,AED,0.01322022694722926,2.5368333333333335,33.537512393962764
2022-04-08,27,Display,Retention,16470,202,433.15,AED,0.012264723740133576,2.144306930693069,26.299332119004248
2022-04-09,27,Display,Retention,13439,146,424.31,AED,0.010863903564253293,2.9062328767123287,31.573033707865168
2022-04-10,27,Display,Retention,18203,408,379.33,AED,0.022413887820688896,0.9297303921568627,20.838872713289017
2022-04-11,27,Display,Retention,19985,217,366.76,AED,0.010858143607705779,1.6901382488479262,18.35176382286715
2021-09-02,28,Affiliate,Acquisition,32930,1087,431.66,AED,0.03300941390829031,0.3971113155473781,13.108411782569087
2021-09-03,28,Affiliate,Acquisition,22839,687,497.9,AED,0.030080126100091947,0.724745269286754,21.800429090590654
2021-09-04,28,Affiliate,Acquisition,16474,539,500.81,AED,0.03271822265387884,0.9291465677179963,30.400024280684715
2021-09-05,28,Affiliate,Acquisition,37878,1362,410.82,AED,0.03595754791699667,0.30162995594713654,10.845873594170758
2021-09-06,28,Affiliate,Acquisition,27932,1032,497.21,AED,0.03694687097236145,0.4817926356589147,17.80073034512387
2021-09-07,28,Affiliate,Acquisition,17657,314,487.07,AED,0.017783315398991903,1.5511783439490445,27.5850937305318
2021-09-08,28,Affiliate,Acquisition,51672,2017,479.23,AED,0.03903468029106673,0.23759543877045117,9.274461991020283
2021-09-09,28,Affiliate,Acquisition,15428,474,406.35,AED,0.030723360124449053,0.8572784810126582,26.33847549909256
2021-09-10,28,Affiliate,Acquisition,10845,243,362.61,AED,0.022406639004149378,1.4922222222222223,33.43568464730291
2021-09-11,28,Affiliate,Acquisition,12703,315,367.62,AED,0.024797291978272847,1.1670476190476191,28.93962056207195
2021-12-26,29,Email,Acquisition,12804,612,230.06,AED,0.04779756326148079,0.3759150326797386,17.967822555451423
2021-12-27,29,Email,Acquisition,12583,704,217.58,AED,0.05594850194707145,0.3090625,17.29158388301677
2021-12-28,29,Email,Acquisition,11509,637,249.16,AED,0.05534798853071509,0.39114599686028256,21.64914414805804
2021-12-29,29,Email,Acquisition,17993,1423,211.17,AED,0.07908631134330017,0.1483977512297962,11.736230756405268
2021-12-30,29,Email,Acquisition,8122,485,210.42,AED,0.059714356069933514,0.4338556701030928,25.90741196749569
2021-12-31,29,Email,Acquisition,11080,566,212.85,AED,0.05108303249097473,0.3760600706713781,19.21028880866426
2022-01-01,29,Email,Acquisition,6505,406,196.12,AED,0.062413528055342046,0.48305418719211823,30.14911606456572
2022-01-02,29,Email,Acquisition,12179,644,235.21,AED,0.052877904589867804,0.3652329192546584,19.312751457426717
2022-01-03,29,Email,Acquisition,11174,514,244.14,AED,0.04599964202613209,0.4749805447470817,21.848935027742975
2022-01-04,29,Email,Acquisition,7862,627,189.43,AED,0.07975069956754006,0.3021212121212121,24.094378020859835
2022-01-05,29,Email,Acquisition,13978,457,242.04,AED,0.03269423379596509,0.5296280087527352,17.31578194305337
2022-01-06,29,Email,Acquisition,15711,800,212.34,AED,0.05091973776335052,0.265425,13.515371395837311
2022-01-07,29,Email,Acquisition,17165,572,193.11,AED,0.033323623652781825,0.3376048951048951,11.25021846781241
2022-01-08,29,Email,Acquisition,8465,647,233.22,AED,0.07643236857649144,0.36046367851622874,27.551092734790316
2022-01-09,29,Email,Acquisition,8427,399,184.01,AED,0.04734781060875756,0.46117794486215535,21.83576599026937
2022-01-10,29,Email,Acquisition,11611,709,210.41,AED,0.061062785289811385,0.2967700987306065,18.121608819223148
2022-01-11,29,Email,Acquisition,22016,1755,197.29,AED,0.07971475290697674,0.11241595441595441,8.961210029069766
2022-01-12,29,Email,Acquisition,15890,519,226.98,AED,0.03266205160478288,0.4373410404624277,14.284455632473252
2022-01-13,29,Email,Acquisition,14927,779,256.95,AED,0.05218731158303745,0.32984595635430036,17.213773698666845
2022-01-14,29,Email,Acquisition,7688,426,201.76,AED,0.055411030176899065,0.4736150234741784,26.243496357960456
2022-01-15,29,Email,Acquisition,10704,849,225.3,AED,0.07931614349775785,0.26537102473498236,21.048206278026907
2022-01-16,29,Email,Acquisition,7597,322,215.58,AED,0.04238515203369751,0.6695031055900621,28.376990917467424
2022-01-17,29,Email,Acquisition,7178,250,223.63,AED,0.03482864307606576,0.89452,31.15491780440234
2022-01-18,29,Email,Acquisition,8010,378,216.87,AED,0.04719101123595506,0.5737301587301588,27.074906367041198
2022-01-19,29,Email,Acquisition,13904,992,237.87,AED,0.0713463751438435,0.23978830645161292,17.108026467203683
2022-01-20,29,Email,Acquisition,24745,1123,198.36,AED,0.045382905637502524,0.17663401602849513,8.016164881794301
2022-01-21,29,Email,Acquisition,19401,763,190.93,AED,0.039327869697438275,0.2502359108781127,9.841245296634195
2022-01-22,29,Email,Acquisition,8332,371,191.65,AED,0.044527124339894385,0.5165768194070081,23.001680268843014
2022-01-23,29,Email,Acquisition,4957,373,156.89,AED,0.07524712527738552,0.4206166219839142,31.650191648174292
2022-01-24,29,Email,Acquisition,8280,385,176.45,AED,0.0464975845410628,0.4583116883116883,21.310386473429947
2022-01-25,29,Email,Acquisition,13175,606,211.43,AED,0.04599620493358634,0.3488943894389439,16.047817836812147
2022-01-26,29,Email,Acquisition,16541,1143,205.7,AED,0.06910102170364549,0.17996500437445317,12.435765673175744
2022-01-27,29,Email,Acquisition,19972,669,226.57,AED,0.03349689565391548,0.3386696562032885,11.344382134988983
2022-01-28,29,Email,Acquisition,5762,227,187.58,AED,0.0393960430406109,0.8263436123348018,32.55466851787574
2022-01-29,29,Email,Acquisition,21993,1710,222.18,AED,0.0777520120038194,0.1299298245614035,10.102305278952395
2022-01-30,29,Email,Acquisition,17629,1286,258.59,AED,0.07294798343638323,0.20108087091757385,14.668444041068692
2022-01-31,29,Email,Acquisition,26881,1494,224.65,AED,0.05557828949815855,0.1503681392235609,8.357203973066479
2022-02-01,29,Email,Acquisition,7245,555,208.49,AED,0.07660455486542443,0.3756576576576577,28.777087646652866
2022-02-02,29,Email,Acquisition,13460,598,210.97,AED,0.044427934621099556,0.35279264214046824,15.673848439821693
2022-02-03,29,Email,Acquisition,12275,609,223.18,AED,0.04961303462321792,0.36646962233169134,18.181670061099794
2022-02-04,29,Email,Acquisition,6631,254,176.81,AED,0.038304931382898505,0.6961023622047244,26.66415321972553
2022-02-05,29,Email,Acquisition,13522,745,221.48,AED,0.05509540008874427,0.29728859060402685,16.37923384114776
2022-02-06,29,Email,Acquisition,9341,352,237.55,AED,0.03768333154908468,0.6748579545454546,25.430896049673482
2022-02-07,29,Email,Acquisition,10654,366,242.61,AED,0.034353294537263,0.6628688524590164,22.77172892810212
2022-02-08,29,Email,Acquisition,19314,844,175.28,AED,0.043698871285078184,0.20767772511848342,9.075282178730454
2022-02-09,29,Email,Acquisition,4677,363,158.12,AED,0.07761385503527903,0.43559228650137743,33.807996579003635
2022-02-10,29,Email,Acquisition,15883,787,203.88,AED,0.04954983315494554,0.2590597204574333,12.83636592583265
2022-02-11,29,Email,Acquisition,6320,234,212.29,AED,0.037025316455696206,0.9072222222222222,33.59018987341772
2022-02-12,29,Email,Acquisition,5894,289,203.33,AED,0.04903291482863929,0.7035640138408304,34.49779436715304
2022-02-13,29,Email,Acquisition,7778,366,225.04,AED,0.04705579840575984,0.6148633879781421,28.93288763178195
2022-02-14,29,Email,Acquisition,14916,1147,178.14,AED,0.07689729149906141,0.15530950305143854,11.942880128720835
2022-02-15,29,Email,Acquisition,7081,526,232.12,AED,0.07428329332015252,0.44129277566539926,32.78068069481712
2022-02-16,29,Email,Acquisition,25816,1206,254.65,AED,0.046715215370312986,0.2111525704809287,9.864037806011776
2022-02-17,29,Email,Acquisition,14080,869,231.91,AED,0.06171875,0.2668699654775604,16.470880681818183
2022-02-18,29,Email,Acquisition,7667,542,184.83,AED,0.07069257858353985,0.3410147601476015,24.10721272988131
2022-02-19,29,Email,Acquisition,11104,406,203.4,AED,0.03656340057636888,0.5009852216748769,18.317723342939484
2022-02-20,29,Email,Acquisition,12198,757,196.37,AED,0.06205935399245778,0.25940554821664463,16.098540744384326
2022-02-21,29,Email,Acquisition,7977,516,193.27,AED,0.06468597216998871,0.3745542635658915,24.22840666917388
2022-02-22,29,Email,Acquisition,18630,995,251.7,AED,0.05340848094471283,0.252964824120603,13.510466988727858
2022-02-23,29,Email,Acquisition,6794,265,201.28,AED,0.03900500441566088,0.7595471698113208,29.62614071239329
2022-02-24,29,Email,Acquisition,29748,1918,258.35,AED,0.0644749226838779,0.1346976016684046,8.68461745327417
2022-02-25,29,Email,Acquisition,10909,357,180.38,AED,0.03272527271060592,0.505266106442577,16.534971124759373
2022-02-26,29,Email,Acquisition,9272,315,171.02,AED,0.0339732528041415,0.5429206349206349,18.444779982743746
2023-11-04,30,Social,Acquisition,76418,2211,914.99,AED,0.028932973906671204,0.413835368611488,11.973487921693842
2023-11-05,30,Social,Acquisition,74114,2166,839.55,AED,0.029225247591548157,0.38760387811634345,11.327819305394392
2023-11-06,30,Social,Acquisition,24641,612,813.26,AED,0.024836654356560205,1.3288562091503269,33.00434235623554
2023-11-07,30,Social,Acquisition,27625,1011,880.72,AED,0.036597285067873304,0.871137487636004,31.881266968325793
2023-11-08,30,Social,Acquisition,46756,1209,1048.9,AED,0.02585764393874583,0.8675765095119935,22.43348447258106
2023-11-09,30,Social,Acquisition,24621,742,702.1,AED,0.030136875025384834,0.9462264150943397,28.516307217416028
2023-11-10,30,Social,Acquisition,19410,817,654.25,AED,0.04209170530654302,0.8007955936352509,33.70685213807316
2023-11-11,30,Social,Acquisition,102812,2849,960.2,AED,0.02771077306151033,0.33703053703053704,9.339376726452166
2023-11-12,30,Social,Acquisition,42375,1136,871.07,AED,0.02680825958702065,0.766786971830986,20.556224188790562
2023-11-13,30,Social,Acquisition,45184,1367,878.47,AED,0.03025407223796034,0.642626188734455,19.44205913597734
2023-11-14,30,Social,Acquisition,25398,846,862.57,AED,0.03330970942593905,1.0195862884160758,33.962123001811165
2023-11-15,30,Social,Acquisition,17310,641,563.58,AED,0.03703061813980358,0.879219968798752,32.55805892547661
2023-11-16,30,Social,Acquisition,28692,1272,820.0,AED,0.044332915098285235,0.6446540880503144,28.579394953297086
2023-11-17,30,Social,Acquisition,23928,739,739.59,AED,0.030884319625543298,1.0007983761840324,30.908976930792377
2023-11-18,30,Social,Acquisition,20379,982,599.9,AED,0.04818685902154178,0.6108961303462321,29.4371657097993
2023-11-19,30,Social,Acquisition,34168,1549,1016.1,AED,0.04533481620229454,0.6559715945771466,29.738351674081013
2023-11-20,30,Social,Acquisition,49822,1073,930.01,AED,0.021536670547147845,0.8667381174277726,18.666653285697084
2023-11-21,30,Social,Acquisition,52126,2213,1050.85,AED,0.04245482101062809,0.4748531405332128,20.15980508767218
2023-11-22,30,Social,Acquisition,40911,1597,721.61,AED,0.03903595609982645,0.451853475266124,17.638532424042435
2023-11-23,30,Social,Acquisition,40217,1050,914.3,AED,0.026108362135415373,0.8707619047619047,22.734167143247877
2023-11-24,30,Social,Acquisition,47070,1998,747.56,AED,0.04244741873804971,0.37415415415415415,15.881878053962184
2023-11-25,30,Social,Acquisition,19095,791,651.46,AED,0.04142445666404818,0.823590391908976,34.11678449855984
2023-11-26,30,Social,Acquisition,24491,803,828.86,AED,0.03278755461189825,1.0322042341220423,33.84345269690907
2023-11-27,30,Social,Acquisition,43296,1784,960.15,AED,0.041204730229120475,0.5382006726457399,22.17641352549889
2023-11-28,30,Social,Acquisition,56247,1878,832.95,AED,0.03338844738386047,0.4435303514376997,14.808789802122782
2023-11-29,30,Social,Acquisition,100594,2130,807.32,AED,0.02117422510288884,0.37902347417840376,8.025528361532498
2023-11-30,30,Social,Acquisition,23207,632,798.03,AED,0.02723316240789417,1.2627056962025316,34.387469298056615
2023-12-01,30,Social,Acquisition,42045,1034,961.5,AED,0.024592698299441076,0.9298839458413927,22.868355333571174
2023-12-02,30,Social,Acquisition,32493,1234,898.74,AED,0.03797741051918875,0.7283144246353322,27.659495891422768
2023-12-03,30,Social,Acquisition,27735,1031,952.32,AED,0.03717324680007211,0.9236857419980602,34.33639805300162
2023-12-04,30,Social,Acquisition,54362,2144,936.35,AED,0.03943931422684964,0.43673041044776123,17.22434789007027
2023-12-05,30,Social,Acquisition,26523,1005,796.38,AED,0.0378916412170569,0.7924179104477612,30.026015156656484
2023-12-06,30,Social,Acquisition,39887,1364,743.04,AED,0.034196605410284055,0.5447507331378298,18.628625868077318
2023-12-07,30,Social,Acquisition,25046,567,788.47,AED,0.022638345444382337,1.390599647266314,31.480875189651044
2023-12-08,30,Social,Acquisition,32981,1498,955.59,AED,0.04542009035505291,0.6379105473965287,28.973954701191598
2023-12-09,30,Social,Acquisition,64573,2660,805.14,AED,0.04119368776423583,0.3026842105263158,12.468678859585275
2023-12-10,30,Social,Acquisition,30247,1181,679.2,AED,0.039045194564750224,0.5751058425063506,22.45511951598506
2023-12-11,30,Social,Acquisition,84123,2495,767.24,AED,0.02965895177299906,0.3075110220440882,9.120454572471264
2023-12-12,30,Social,Acquisition,33027,1510,763.36,AED,0.045720168347109943,0.5055364238410596,23.11321040360917
2023-12-13,30,Social,Acquisition,22179,922,748.2,AED,0.041570855313584926,0.8114967462039046,33.734613823887464
2023-12-14,30,Social,Acquisition,32576,1167,1078.76,AED,0.03582391944990177,0.9243873179091688,33.115176817288805
2023-12-15,30,Social,Acquisition,47218,1698,763.76,AED,0.03596086238298954,0.4497997644287397,16.17518742852302
2023-12-16,30,Social,Acquisition,38134,1449,886.21,AED,0.037997587454764774,0.6116011042097999,23.239366444642577
2023-12-17,30,Social,Acquisition,32044,1573,790.36,AED,0.049088752964673577,0.5024539097266371,24.66483585070528
2023-12-18,30,Social,Acquisition,25373,1209,701.48,AED,0.04764907578922477,0.5802150537634408,27.64671107082332
2023-12-19,30,Social,Acquisition,68584,2743,904.26,AED,0.03999475096232357,0.3296609551585855,13.184707803569346
2023-12-20,30,Social,Acquisition,41193,1568,1022.89,AED,0.038064719733935375,0.6523533163265306,24.83164615347268
2023-12-21,30,Social,Acquisition,72683,2586,1237.8,AED,0.03557915881292737,0.47865429234338747,17.030117083774748
2023-12-22,30,Social,Acquisition,52407,2314,698.8,AED,0.044154406854046216,0.3019878997407087,13.33409659015017
2023-12-23,30,Social,Acquisition,54642,1546,1082.92,AED,0.028293254273269647,0.7004657179818888,19.818454668569967
2023-12-24,30,Social,Acquisition,32195,979,742.78,AED,0.030408448516850442,0.7587129724208376,23.07128436092561
2023-12-25,30,Social,Acquisition,20790,438,580.1,AED,0.02106782106782107,1.3244292237442923,27.902837902837906
2023-12-26,30,Social,Acquisition,40541,1219,844.02,AED,0.030068325892306555,0.6923872026251026,20.818924052194074
2023-12-27,30,Social,Acquisition,49660,1120,1047.61,AED,0.022553362867498993,0.9353660714285713,21.09565042287555
2023-12-28,30,Social,Acquisition,25860,919,885.9,AED,0.03553750966744006,0.9639825897714908,34.25754060324826
2023-12-29,30,Social,Acquisition,31732,1043,668.12,AED,0.03286902811042481,0.6405752636625119,21.05508634816589
2023-12-30,30,Social,Acquisition,91311,2117,915.14,AED,0.02318450131966576,0.4322815304676429,10.0222317135942
2023-12-31,30,Social,Acquisition,58721,2063,778.88,AED,0.03513223548645289,0.37754726126999516,13.264079290202824
2024-01-01,30,Social,Acquisition,32002,699,920.28,AED,0.021842384850946816,1.3165665236051503,28.756952690456846
2024-01-02,30,Social,Acquisition,79722,1720,716.26,AED,0.021574973031283712,0.41643023255813955,8.984471036853066
2024-01-03,30,Social,Acquisition,28355,667,865.48,AED,0.02352318815023805,1.2975712143928035,30.523011814494797
2024-01-04,30,Social,Acquisition,26973,751,830.47,AED,0.0278426574722871,1.1058189081225034,30.788937085233382
2024-01-05,30,Social,Acquisition,39586,839,767.43,AED,0.021194361643005102,0.9146960667461262,19.386399232051733
2024-01-06,30,Social,Acquisition,47576,1425,1113.99,AED,0.029952076677316294,0.7817473684210526,23.4149571212376
2023-10-26,31,Affiliate,Cross-sell,16680,294,275.55,AED,0.01762589928057554,0.9372448979591838,16.51978417266187
2023-10-27,31,Affiliate,Cross-sell,10778,422,309.32,AED,0.039153831879755054,0.7329857819905213,28.699202078307664
2023-10-28,31,Affiliate,Cross-sell,9847,360,336.72,AED,0.03655935818015639,0.9353333333333335,34.19518635117295
2023-10-29,31,Affiliate,Cross-sell,27667,851,434.39,AED,0.030758665558246287,0.5104465334900118,15.700654208985435
2023-10-30,31,Affiliate,Cross-sell,19334,522,392.54,AED,0.026999068997620772,0.751992337164751,20.303092996793215
2023-10-31,31,Affiliate,Cross-sell,18559,707,307.84,AED,0.03809472493130018,0.43541725601131537,16.58710059809257
2023-11-01,31,Affiliate,Cross-sell,42094,1142,400.66,AED,0.02712975721005369,0.3508406304728547,9.518221124150712
2023-11-02,31,Affiliate,Cross-sell,15872,337,361.14,AED,0.021232358870967742,1.0716320474777448,22.753276209677416
2023-11-03,31,Affiliate,Cross-sell,22621,821,390.63,AED,0.03629370938508466,0.47579780755176615,17.26846735334424
2023-11-04,31,Affiliate,Cross-sell,36225,557,387.2,AED,0.015376121463077985,0.6951526032315978,10.688750862663905
2023-11-05,31,Affiliate,Cross-sell,14647,357,498.31,AED,0.024373591861814706,1.395826330532213,34.02130129036663
2023-11-06,31,Affiliate,Cross-sell,11782,451,311.59,AED,0.038278730266508236,0.6908869179600886,26.446273977253433
2023-11-07,31,Affiliate,Cross-sell,15286,277,359.9,AED,0.018121156613895066,1.29927797833935,23.544419730472324
2023-11-08,31,Affiliate,Cross-sell,22517,833,427.23,AED,0.03699427099524803,0.5128811524609844,18.973664342496782
2023-11-09,31,Affiliate,Cross-sell,14656,549,373.96,AED,0.03745906113537118,0.6811657559198543,25.515829694323145
2023-11-10,31,Affiliate,Cross-sell,18359,368,300.4,AED,0.02004466474208835,0.8163043478260869,16.36254697968299
2023-11-11,31,Affiliate,Cross-sell,11282,383,367.12,AED,0.03394788158127991,0.958537859007833,32.540329728771496
2023-11-12,31,Affiliate,Cross-sell,22197,752,287.88,AED,0.033878452043068885,0.3828191489361702,12.969320178402487
2023-11-13,31,Affiliate,Cross-sell,19506,402,405.77,AED,0.02060904337127038,1.0093781094527363,20.80231723572234
2023-11-14,31,Affiliate,Cross-sell,19453,519,326.94,AED,0.026679689508045033,0.629942196531792,16.806662211484092
2023-11-15,31,Affiliate,Cross-sell,29706,1176,356.32,AED,0.03958796202787316,0.30299319727891155,11.994883188581431
2023-11-16,31,Affiliate,Cross-sell,24450,836,329.97,AED,0.034192229038854806,0.39470095693779905,13.495705521472393
2023-11-17,31,Affiliate,Cross-sell,17154,499,334.32,AED,0.029089425206948818,0.6699799599198397,19.489331934242742
2023-11-18,31,Affiliate,Cross-sell,13143,225,419.29,AED,0.017119379137183293,1.8635111111111111,31.902153237464816
2023-11-19,31,Affiliate,Cross-sell,15024,568,338.59,AED,0.03780617678381257,0.5961091549295774,22.53660809371672
2023-11-20,31,Affiliate,Cross-sell,35338,1356,410.27,AED,0.03837229045220442,0.3025589970501475,11.609881713735922
2023-11-21,31,Affiliate,Cross-sell,11666,449,330.02,AED,0.038487913595062574,0.735011135857461,28.28904508829076
2023-11-22,31,Affiliate,Cross-sell,8779,192,292.64,AED,0.021870372479781297,1.5241666666666667,33.33409272126666
2023-11-23,31,Affiliate,Cross-sell,25048,814,425.04,AED,0.032497604599169595,0.5221621621621622,16.96901948259342
2023-11-24,31,Affiliate,Cross-sell,13660,226,381.68,AED,0.016544655929721815,1.6888495575221238,27.94143484626647
2023-11-25,31,Affiliate,Cross-sell,17305,381,319.38,AED,0.022016758162380815,0.8382677165354331,18.455937590291825
2023-11-26,31,Affiliate,Cross-sell,12260,299,421.39,AED,0.024388254486133767,1.4093311036789298,34.37112561174551
2023-11-27,31,Affiliate,Cross-sell,13388,346,396.95,AED,0.02584403943830296,1.1472543352601157,29.649686286226473
2023-11-28,31,Affiliate,Cross-sell,10118,207,339.85,AED,0.020458588653884165,1.6417874396135266,33.58865388416683
2023-11-29,31,Affiliate,Cross-sell,21570,731,362.56,AED,0.03388966156699119,0.4959781121751026,16.80853036624942
2023-11-30,31,Affiliate,Cross-sell,21611,725,432.3,AED,0.03354773032252094,0.5962758620689655,20.003701818518348
2023-12-01,31,Affiliate,Cross-sell,19056,313,269.94,AED,0.01642527287993283,0.8624281150159744,14.165617128463476
2023-12-02,31,Affiliate,Cross-sell,26930,642,337.62,AED,0.02383958410694393,0.5258878504672897,12.536947642034907
2023-12-03,31,Affiliate,Cross-sell,13354,219,251.05,AED,0.01639958064999251,1.1463470319634703,18.799610603564478
2021-08-05,32,Social,Reactivation,66212,2511,800.98,AED,0.037923639219476835,0.3189884508164078,12.097202923941278
2021-08-06,32,Social,Reactivation,27831,906,722.17,AED,0.032553627250188635,0.7970971302428256,25.94840286012001
2021-08-07,32,Social,Reactivation,28814,582,623.12,AED,0.020198514610953008,1.0706529209621993,21.625598667314502
2021-08-08,32,Social,Reactivation,32776,1305,874.35,AED,0.03981571881864779,0.67,26.676531608494024
2021-08-09,32,Social,Reactivation,20001,652,688.72,AED,0.03259837008149592,1.056319018404908,34.43427828608569
2021-08-10,32,Social,Reactivation,30602,1447,659.57,AED,0.047284491209724853,0.4558189357290947,21.553166459708518
2021-08-11,32,Social,Reactivation,25908,1189,765.37,AED,0.04589316041377181,0.6437089991589571,29.541840358190523
2021-08-12,32,Social,Reactivation,42902,1469,872.47,AED,0.034240827933429675,0.5939210347174949,20.336347955806257
2021-08-13,32,Social,Reactivation,27631,621,741.16,AED,0.022474756613948103,1.1934943639291464,26.82349534942637
2021-08-14,32,Social,Reactivation,22057,759,690.4,AED,0.03441084462982273,0.9096179183135704,31.300720859591056
2021-08-15,32,Social,Reactivation,36826,1706,709.4,AED,0.04632596535056754,0.4158264947245017,19.263563786455222
2021-08-16,32,Social,Reactivation,46039,2062,621.89,AED,0.04478811442472686,0.3015955383123181,13.507895479919199
2021-08-17,32,Social,Reactivation,18460,653,632.09,AED,0.03537378114842903,0.9679785604900459,34.24106175514626
2021-08-18,32,Social,Reactivation,44734,1524,709.2,AED,0.03406804667590647,0.46535433070866145,15.853713059417892
2021-08-19,32,Social,Reactivation,49604,1184,654.89,AED,0.023869042819127488,0.553116554054054,13.20236271268446
2021-08-20,32,Social,Reactivation,48855,2120,783.75,AED,0.043393716098659295,0.3696933962264151,16.04237027939822
2021-08-21,32,Social,Reactivation,43107,1292,538.28,AED,0.029971930312942215,0.416625386996904,12.487067065673788
2021-08-22,32,Social,Reactivation,20476,620,683.48,AED,0.03027935143582731,1.1023870967741936,33.37956632154718
2021-08-23,32,Social,Reactivation,54479,2546,699.38,AED,0.04673360377393124,0.27469756480754126,12.83760715137943
2021-08-24,32,Social,Reactivation,35860,1480,732.61,AED,0.04127161182375906,0.49500675675675676,20.42972671500279
2021-08-25,32,Social,Reactivation,46741,1193,729.6,AED,0.025523630217581996,0.6115674769488684,15.609422134742516
2021-08-26,32,Social,Reactivation,71375,1474,646.86,AED,0.020651488616462346,0.43884667571234737,9.062837127845883
2021-08-27,32,Social,Reactivation,31512,1203,650.06,AED,0.03817593297791318,0.5403657522859517,20.628966742828126
2021-08-28,32,Social,Reactivation,37725,785,738.12,AED,0.020808482438701127,0.9402802547770701,19.565805168986085
2021-08-29,32,Social,Reactivation,37687,1359,741.94,AED,0.036060179902884286,0.5459455481972039,19.686894685169957
2021-08-30,32,Social,Reactivation,34870,1104,728.04,AED,0.03166045311155721,0.6594565217391304,20.878692285632347
2021-08-31,32,Social,Reactivation,24696,1206,815.63,AED,0.048833819241982504,0.6763101160862355,33.02680596047943
2021-09-01,32,Social,Reactivation,24647,827,535.88,AED,0.033553779364628555,0.6479806529625151,21.742199862052175
2021-09-02,32,Social,Reactivation,46449,1317,725.95,AED,0.028353678227733645,0.5512148823082764,15.628969407306942
2021-09-03,32,Social,Reactivation,30940,1545,585.83,AED,0.049935358758888174,0.37917799352750814,18.934389140271495
2021-09-04,32,Social,Reactivation,69600,1714,711.97,AED,0.024626436781609196,0.41538506417736293,10.229454022988506
2021-09-05,32,Social,Reactivation,31938,1127,634.56,AED,0.035287118792660783,0.5630523513753327,19.868495209468342
2021-09-06,32,Social,Reactivation,58980,1716,610.34,AED,0.029094608341810782,0.3556759906759907,10.348253645303492
2021-09-07,32,Social,Reactivation,17070,825,582.06,AED,0.048330404217926184,0.7055272727272727,34.09841827768013
2021-09-08,32,Social,Reactivation,24084,486,784.17,AED,0.020179372197309416,1.6135185185185184,32.55979073243647
2021-09-09,32,Social,Reactivation,16897,818,505.03,AED,0.048410960525537075,0.6173960880195599,29.88873764573593
2021-09-10,32,Social,Reactivation,84112,2332,705.14,AED,0.02772493817766787,0.30237564322469984,8.383346014837361
2021-09-11,32,Social,Reactivation,37670,1536,759.01,AED,0.04077515264135917,0.49414713541666666,20.148924873904964
2021-09-12,32,Social,Reactivation,32787,1054,734.44,AED,0.032146887485893796,0.6968121442125238,22.400341598804406
2021-09-13,32,Social,Reactivation,40648,2004,510.85,AED,0.04930131863806338,0.2549151696606787,12.567654005117104
2021-09-14,32,Social,Reactivation,28811,772,699.77,AED,0.02679532123147409,0.9064378238341969,24.288292665995627
2021-09-15,32,Social,Reactivation,36335,1484,824.16,AED,0.040842163203522776,0.5553638814016172,22.68226228154672
2021-09-16,32,Social,Reactivation,29764,926,729.41,AED,0.031111409756753125,0.7876997840172786,24.50645074586749
2021-09-17,32,Social,Reactivation,24308,610,701.26,AED,0.025094619055454993,1.149606557377049,28.848938621030115
2021-09-18,32,Social,Reactivation,27272,1185,536.15,AED,0.043451158697565266,0.45244725738396624,19.65935758286888
2021-09-19,32,Social,Reactivation,27355,1198,576.45,AED,0.0437945530981539,0.48117696160267115,21.072929994516542
2021-09-20,32,Social,Reactivation,16969,460,506.86,AED,0.027108256231952385,1.1018695652173913,29.869762508103012
2021-09-21,32,Social,Reactivation,56483,1984,794.07,AED,0.03512561301630579,0.40023689516129035,14.058566294283237
2021-09-22,32,Social,Reactivation,35829,1755,717.62,AED,0.048982667671439335,0.4089002849002849,20.02902676602752
2021-09-23,32,Social,Reactivation,39751,1824,931.08,AED,0.04588563809715479,0.5104605263157895,23.422806973409475
2021-09-24,32,Social,Reactivation,22979,861,722.37,AED,0.0374689934287828,0.8389895470383275,31.436093824796554
2021-09-25,32,Social,Reactivation,21385,666,585.68,AED,0.031143324760346036,0.8793993993993994,27.387421089548745
2021-09-26,32,Social,Reactivation,37034,1704,690.72,AED,0.04601177296538316,0.40535211267605636,18.65096937948912
2021-09-27,32,Social,Reactivation,41616,2039,607.09,AED,0.0489955786236063,0.29773908778813146,14.587898885044215
2021-09-28,32,Social,Reactivation,22879,761,780.15,AED,0.03326194326675117,1.0251642575558475,34.09895537392369
2021-09-29,32,Social,Reactivation,40181,1437,669.71,AED,0.03576317164829148,0.4660473208072373,16.667330330255595
2021-09-30,32,Social,Reactivation,20892,450,582.57,AED,0.0215393452039058,1.2946000000000002,27.884836300976453
2021-10-01,32,Social,Reactivation,85520,2701,797.99,AED,0.03158325537885875,0.29544242873009996,9.331033676333021
2021-10-02,32,Social,Reactivation,26232,777,557.63,AED,0.029620311070448307,0.7176705276705276,21.257624275693807
2021-10-03,32,Social,Reactivation,44494,1302,586.93,AED,0.029262372454712995,0.4507910906298003,13.191216793275496
2021-10-04,32,Social,Reactivation,34647,1292,693.2,AED,0.03729038589199642,0.5365325077399381,20.00750425722285
2021-10-05,32,Social,Reactivation,21377,582,738.59,AED,0.027225522758104505,1.2690549828178694,34.550685315993825
2021-10-06,32,Social,Reactivation,33697,763,822.15,AED,0.02264296524913197,1.0775229357798164,24.398314390005044
2021-10-07,32,Social,Reactivation,30544,669,802.58,AED,0.021902828706128863,1.1996711509715994,26.2761917234154
2021-10-08,32,Social,Reactivation,62710,2837,858.9,AED,0.04523999362143199,0.3027493831512161,13.696380162653483
2021-10-09,32,Social,Reactivation,86623,3925,763.98,AED,0.04531129145838865,0.19464458598726114,8.819597566466182
2021-10-10,32,Social,Reactivation,46886,2278,544.45,AED,0.048585931834662796,0.2390035118525022,11.612208335110696
2021-10-11,32,Social,Reactivation,68104,1768,678.46,AED,0.025960296017855045,0.3837443438914027,9.96211676259838
2021-10-12,32,Social,Reactivation,36421,865,827.12,AED,0.023750034320858846,0.9562080924855492,22.709975014414763
2021-10-13,32,Social,Reactivation,34123,926,539.92,AED,0.02713712158954371,0.5830669546436285,15.822758843009114
2021-10-14,32,Social,Reactivation,24283,644,655.86,AED,0.026520611127125972,1.018416149068323,27.00901865502615
2021-10-15,32,Social,Reactivation,31110,987,556.89,AED,0.031726133076181294,0.5642249240121581,17.900675024108004
2021-10-16,32,Social,Reactivation,64467,1902,634.17,AED,0.029503466890036762,0.3334227129337539,9.837125971427241
2022-02-15,33,Display,Cross-sell,36534,606,555.45,AED,0.016587288553128594,0.9165841584158416,15.203645918870095
2022-02-16,33,Display,Cross-sell,17449,246,537.64,AED,0.014098229124878216,2.185528455284553,30.812080921542783
2022-02-17,33,Display,Cross-sell,19931,265,529.29,AED,0.01329587075410165,1.997320754716981,26.556118609201743
2022-02-18,33,Display,Cross-sell,61957,926,512.1,AED,0.014945849540810562,0.5530237580993521,8.265409881046532
2022-02-19,33,Display,Cross-sell,28131,556,475.23,AED,0.01976467242543813,0.8547302158273382,16.89346272795137
2022-02-20,33,Display,Cross-sell,14817,192,443.25,AED,0.012958088681919416,2.30859375,29.914962543024902
2022-02-21,33,Display,Cross-sell,28841,587,578.3,AED,0.020352969730591867,0.9851788756388415,20.051315835095867
2022-02-22,33,Display,Cross-sell,22551,531,551.65,AED,0.023546627644006918,1.0388888888888888,24.46232983016274
2022-02-23,33,Display,Cross-sell,33864,703,413.89,AED,0.0207595086227262,0.5887482219061166,12.222123789274747
2022-02-24,33,Display,Cross-sell,18058,246,375.79,AED,0.013622771070993465,1.5276016260162602,20.810167238896888
2022-02-25,33,Display,Cross-sell,22768,526,538.28,AED,0.023102600140548137,1.0233460076045626,23.641953619114545
2022-02-26,33,Display,Cross-sell,29390,260,646.77,AED,0.008846546444368834,2.487576923076923,22.006464783940114
2022-02-27,33,Display,Cross-sell,40418,661,577.46,AED,0.016354099658567964,0.8736157337367625,14.28719877282399
2022-02-28,33,Display,Cross-sell,19892,268,429.9,AED,0.013472752865473557,1.6041044776119402,21.611703197265232
2022-03-01,33,Display,Cross-sell,30623,486,458.4,AED,0.015870424190967573,0.9432098765432099,14.969140841850896
2022-03-02,33,Display,Cross-sell,48846,1035,530.85,AED,0.021189043115096427,0.5128985507246377,10.86782950497482
2022-03-03,33,Display,Cross-sell,18589,391,554.24,AED,0.021033944806068103,1.4174936061381074,29.815482274463395
2022-03-04,33,Display,Cross-sell,17151,305,523.58,AED,0.01778321963733893,1.716655737704918,30.52766602530465
2022-03-05,33,Display,Cross-sell,17231,272,438.59,AED,0.01578550287272938,1.6124632352941175,25.45354303290581
2022-03-06,33,Display,Cross-sell,18257,171,461.04,AED,0.009366270471599934,2.6961403508771933,25.25277975571014
2022-03-07,33,Display,Cross-sell,25470,330,502.93,AED,0.012956419316843345,1.524030303030303,19.745975657636436
2022-03-08,33,Display,Cross-sell,15689,337,418.51,AED,0.0214800178468991,1.2418694362017804,26.675377653132767
2022-03-09,33,Display,Cross-sell,41147,402,510.66,AED,0.009769849563759205,1.2702985074626867,12.410625318978298
2022-03-10,33,Display,Cross-sell,29633,564,322.45,AED,0.01903283501501704,0.5717198581560283,10.881449735092632
2022-03-11,33,Display,Cross-sell,20798,459,653.81,AED,0.02206942975286085,1.4244226579520696,31.436195788056544
2022-03-12,33,Display,Cross-sell,40820,360,450.44,AED,0.008819206271435572,1.2512222222222222,11.034786869181772
2022-03-13,33,Display,Cross-sell,34467,355,515.36,AED,0.0102997069660835,1.451718309859155,14.952273188847304
2022-03-14,33,Display,Cross-sell,13418,246,448.98,AED,0.01833358175585035,1.8251219512195123,33.461022507080045
2022-03-15,33,Display,Cross-sell,12864,258,392.94,AED,0.02005597014925373,1.5230232558139534,30.54570895522388
2022-03-16,33,Display,Cross-sell,34020,641,524.85,AED,0.01884185773074662,0.818798751950078,15.427689594356261
2022-03-17,33,Display,Cross-sell,26764,668,460.51,AED,0.02495890001494545,0.6893862275449102,17.206321924973842
2022-03-18,33,Display,Cross-sell,13066,110,432.88,AED,0.008418796877391704,3.9352727272727273,33.13026174804837
2022-03-19,33,Display,Cross-sell,15967,324,428.11,AED,0.02029185194463581,1.3213271604938273,26.81217511116678
2022-03-20,33,Display,Cross-sell,21079,214,537.08,AED,0.01015228426395939,2.5097196261682244,25.47938706769771
2022-03-21,33,Display,Cross-sell,22734,561,580.98,AED,0.024676695698073372,1.0356149732620321,25.555555555555557
2022-03-22,33,Display,Cross-sell,54094,765,491.1,AED,0.014142049025769956,0.6419607843137255,9.078640884386438
2022-03-23,33,Display,Cross-sell,18608,370,564.08,AED,0.019883920894239036,1.5245405405405406,30.31384350816853
2022-03-24,33,Display,Cross-sell,23062,368,450.32,AED,0.015956985517301188,1.223695652173913,19.52649379932356
2022-03-25,33,Display,Cross-sell,14995,283,495.91,AED,0.01887295765255085,1.752332155477032,33.07169056352117
2022-03-26,33,Display,Cross-sell,53168,1304,520.17,AED,0.02452603069515498,0.3989033742331288,9.783516400842611
2022-03-27,33,Display,Cross-sell,19983,322,354.14,AED,0.016113696642145823,1.0998136645962733,17.72206375419106
2022-03-28,33,Display,Cross-sell,23312,469,603.33,AED,0.020118393960192174,1.2864179104477613,25.880662319835277
2022-03-29,33,Display,Cross-sell,27491,367,418.96,AED,0.013349823578625733,1.1415803814713896,15.239896693463313
2022-03-30,33,Display,Cross-sell,58052,1054,526.8,AED,0.018156135878178187,0.49981024667931684,9.074622752015433
2022-03-31,33,Display,Cross-sell,13884,321,437.11,AED,0.023120138288677615,1.3617133956386294,31.48300201670988
2022-04-01,33,Display,Cross-sell,36393,706,366.78,AED,0.019399335036957656,0.5195184135977337,10.078311763251174
2022-04-02,33,Display,Cross-sell,11037,134,333.05,AED,0.012140980338860198,2.4854477611940298,30.175772401920813
2022-04-03,33,Display,Cross-sell,18578,225,588.6,AED,0.012111099149531705,2.616,31.68263537517494
2022-04-04,33,Display,Cross-sell,20994,236,480.04,AED,0.011241307040106696,2.0340677966101697,22.865580642088215
2022-04-05,33,Display,Cross-sell,58167,1299,541.93,AED,0.02233225024498427,0.4171901462663587,9.31679474616191
2022-04-06,33,Display,Cross-sell,27818,384,551.57,AED,0.013804011790926739,1.4363802083333335,19.827809332087142
2022-04-07,33,Display,Cross-sell,15285,273,434.56,AED,0.01786064769381747,1.5917948717948718,28.43048740595355
2022-04-08,33,Display,Cross-sell,38963,436,508.0,AED,0.011190103431460617,1.165137614678899,13.038010420142186
2022-04-09,33,Display,Cross-sell,69260,611,586.81,AED,0.008821830782558476,0.9604091653027822,8.472567138319375
2022-04-10,33,Display,Cross-sell,22278,488,522.77,AED,0.021905018403806445,1.07125,23.465750965077653
2022-04-11,33,Display,Cross-sell,17162,217,413.63,AED,0.012644213961076798,1.9061290322580644,24.101503321291226
2022-04-12,33,Display,Cross-sell,45928,941,400.42,AED,0.02048859083783313,0.4255260361317747,8.718428845148928
2022-04-13,33,Display,Cross-sell,21042,409,589.73,AED,0.019437315844501472,1.441882640586797,28.026328295789376
2022-04-14,33,Display,Cross-sell,47153,659,639.34,AED,0.013975780968337116,0.9701669195751138,13.558840370708122
2022-04-15,33,Display,Cross-sell,16600,310,564.32,AED,0.018674698795180723,1.8203870967741937,33.99518072289157
2022-04-16,33,Display,Cross-sell,41004,401,531.86,AED,0.009779533704028875,1.3263341645885287,12.970929665398497
2022-04-17,33,Display,Cross-sell,21250,452,524.76,AED,0.021270588235294118,1.1609734513274337,24.694588235294116
2022-04-18,33,Display,Cross-sell,22116,490,596.88,AED,0.02215590522698499,1.2181224489795919,26.988605534454695
2023-03-19,34,Email,Reactivation,6627,302,167.62,AED,0.045571148332578845,0.5550331125827814,25.29349630300287
2023-03-20,34,Email,Reactivation,5920,187,200.51,AED,0.031587837837837834,1.0722459893048129,33.86993243243243
2023-03-21,34,Email,Reactivation,5428,210,147.81,AED,0.03868828297715549,0.7038571428571428,27.231024318349302
2023-03-22,34,Email,Reactivation,13082,715,187.8,AED,0.054655251490597766,0.2626573426573427,14.355603118789176
2023-03-23,34,Email,Reactivation,8897,672,191.44,AED,0.07553107789142408,0.2848809523809524,21.517365404068787
2023-03-24,34,Email,Reactivation,13753,856,164.47,AED,0.06224096560750382,0.1921378504672897,11.958845342834291
2023-03-25,34,Email,Reactivation,6205,370,164.16,AED,0.05962933118452861,0.4436756756756757,26.456083803384367
2023-03-26,34,Email,Reactivation,5908,268,167.69,AED,0.04536222071767095,0.6257089552238806,28.383547731888964
2023-03-27,34,Email,Reactivation,3513,156,121.47,AED,0.0444064901793339,0.7786538461538461,34.57728437233134
2023-03-28,34,Email,Reactivation,9261,442,147.82,AED,0.04772702731886405,0.33443438914027146,15.961559226865349
2023-03-29,34,Email,Reactivation,4197,181,137.3,AED,0.04312604241124613,0.7585635359116023,32.71384322134858
2023-03-30,34,Email,Reactivation,5941,208,191.23,AED,0.0350109409190372,0.9193749999999999,32.18818380743983
2023-03-31,34,Email,Reactivation,15827,1241,198.73,AED,0.07841031149301826,0.16013698630136985,12.556390977443607
2023-04-01,34,Email,Reactivation,9257,715,187.25,AED,0.07723884627849195,0.2618881118881119,20.227935616290374
2023-04-02,34,Email,Reactivation,11312,511,148.01,AED,0.04517326732673267,0.28964774951076316,13.084335219236207
2023-04-03,34,Email,Reactivation,19849,738,208.65,AED,0.03718071439367222,0.28272357723577235,10.511864577560582
2023-04-04,34,Email,Reactivation,5945,220,175.27,AED,0.03700588730025231,0.7966818181818183,29.48191757779647
2023-04-05,34,Email,Reactivation,13492,838,155.42,AED,0.062110880521790694,0.18546539379474938,11.51941891491254
2023-04-06,34,Email,Reactivation,6492,369,166.9,AED,0.05683918669131238,0.45230352303523036,25.70856438693777
2023-04-07,34,Email,Reactivation,7955,510,209.09,AED,0.06411062225015714,0.40998039215686277,26.284098051539914
2023-04-08,34,Email,Reactivation,15750,831,142.59,AED,0.05276190476190476,0.1715884476534296,9.053333333333333
2023-04-09,34,Email,Reactivation,6261,366,200.71,AED,0.0584571154767609,0.5483879781420765,32.057179364318806
2023-04-10,34,Email,Reactivation,7387,583,193.6,AED,0.07892243129822661,0.3320754716981132,26.208203600920534
2023-04-11,34,Email,Reactivation,4517,290,156.35,AED,0.06420190391852999,0.5391379310344827,34.613681647110916
2023-04-12,34,Email,Reactivation,18377,1268,200.13,AED,0.06899929259400338,0.15783123028391166,10.890243238831147
2023-04-13,34,Email,Reactivation,4999,245,162.85,AED,0.04900980196039208,0.6646938775510204,32.57651530306061
2023-04-14,34,Email,Reactivation,7668,349,151.98,AED,0.04551382368283777,0.43547277936962747,19.82003129890454
2023-04-15,34,Email,Reactivation,8139,625,232.62,AED,0.07679076053569235,0.372192,28.580906745300403
2023-04-16,34,Email,Reactivation,12820,427,190.08,AED,0.03330733229329173,0.445152224824356,14.826833073322934
2023-04-17,34,Email,Reactivation,12855,971,195.86,AED,0.07553481135744847,0.20170957775489187,15.236094904706341
2023-04-18,34,Email,Reactivation,14569,961,217.71,AED,0.06596197405449927,0.22654526534859523,14.943372915093693
2023-04-19,34,Email,Reactivation,23146,1128,202.75,AED,0.048734122526570466,0.17974290780141844,8.759612892076385
2023-04-20,34,Email,Reactivation,5059,211,152.91,AED,0.04170784740067207,0.724691943127962,30.225340976477565
2023-04-21,34,Email,Reactivation,7410,372,189.8,AED,0.05020242914979757,0.5102150537634409,25.6140350877193
2023-04-22,34,Email,Reactivation,18430,1391,155.86,AED,0.0754747693977211,0.11204888569374552,8.456863809007054
2023-04-23,34,Email,Reactivation,12172,864,186.0,AED,0.07098258297732501,0.2152777777777778,15.280972724285245
2023-04-24,34,Email,Reactivation,5961,451,203.1,AED,0.07565844656936756,0.45033259423503325,34.071464519375944
2023-04-25,34,Email,Reactivation,6806,474,146.87,AED,0.06964443138407288,0.3098523206751055,21.579488686453132
2023-04-26,34,Email,Reactivation,10691,756,163.97,AED,0.07071368440744552,0.21689153439153439,15.337199513609578
2023-04-27,34,Email,Reactivation,9442,324,171.99,AED,0.034314763821224316,0.5308333333333334,18.215420461766577
2023-04-28,34,Email,Reactivation,11865,940,148.28,AED,0.07922461019806153,0.15774468085106383,12.497260851243151
2023-04-29,34,Email,Reactivation,7600,334,229.25,AED,0.04394736842105263,0.686377245508982,30.164473684210527
2023-04-30,34,Email,Reactivation,5615,307,185.73,AED,0.05467497773820125,0.6049837133550489,33.07747105966162
2023-05-01,34,Email,Reactivation,4989,260,153.48,AED,0.05211465223491682,0.5903076923076923,30.763680096211665
2023-05-02,34,Email,Reactivation,16355,786,207.67,AED,0.04805869764597982,0.26421119592875314,12.697645979822683
2023-05-03,34,Email,Reactivation,8128,272,204.9,AED,0.03346456692913386,0.7533088235294118,25.20915354330709
2023-05-04,34,Email,Reactivation,5582,299,194.82,AED,0.05356503045503404,0.651571906354515,34.901469007524184
2023-05-05,34,Email,Reactivation,4042,208,121.42,AED,0.051459673428995545,0.58375,30.039584364176154
2023-05-06,34,Email,Reactivation,5995,303,191.47,AED,0.05054211843202669,0.631914191419142,31.938281901584652
2023-05-07,34,Email,Reactivation,8861,544,215.47,AED,0.06139261934318926,0.3960845588235294,24.316668547567993
2023-05-08,34,Email,Reactivation,14305,441,150.58,AED,0.030828381684725622,0.34145124716553293,10.526389374344635
2023-05-09,34,Email,Reactivation,5484,229,173.22,AED,0.04175784099197666,0.7564192139737991,31.58643326039387
2023-05-10,34,Email,Reactivation,11935,660,198.61,AED,0.055299539170506916,0.3009242424242424,16.640971931294516
2023-05-11,34,Email,Reactivation,12707,990,157.42,AED,0.07790981348862831,0.159010101010101,12.388447312504917
2023-05-12,34,Email,Reactivation,18428,560,219.02,AED,0.03038853917950944,0.3911071428571429,11.885174734100282
2023-05-13,34,Email,Reactivation,19467,1154,166.24,AED,0.05927980685262239,0.14405545927209706,8.539579801715725
2022-11-06,35,Display,Acquisition,85773,1302,703.47,AED,0.015179601972648735,0.5402995391705069,8.20153195061383
2022-11-07,35,Display,Acquisition,12588,195,344.78,AED,0.015490943755958055,1.768102564102564,27.38957737527804
2022-11-08,35,Display,Acquisition,17372,312,520.38,AED,0.017959935528436565,1.6678846153846154,29.95510016117891
2022-11-09,35,Display,Acquisition,48921,588,669.77,AED,0.0120193781811492,1.13906462585034,13.690848510864456
2022-11-10,35,Display,Acquisition,36363,450,698.97,AED,0.01237521656628991,1.5532666666666668,19.22201138519924
2022-11-11,35,Display,Acquisition,20330,393,638.57,AED,0.019331037875061484,1.6248600508905853,31.410231185440235
2022-11-12,35,Display,Acquisition,39890,744,539.12,AED,0.01865129105038857,0.7246236559139785,13.515166708448232
2022-11-13,35,Display,Acquisition,19103,476,337.87,AED,0.02491755221692928,0.7098109243697479,17.686750772130033
2022-11-14,35,Display,Acquisition,17983,424,418.63,AED,0.023577823499972197,0.9873349056603773,23.279208141022075
2022-11-15,35,Display,Acquisition,11655,182,345.25,AED,0.015615615615615615,1.896978021978022,29.622479622479624
2022-11-16,35,Display,Acquisition,30884,348,657.66,AED,0.011267970470146355,1.8898275862068965,21.294521435047272
2022-11-17,35,Display,Acquisition,36334,442,745.81,AED,0.01216491440524027,1.6873529411764705,20.526504100842185
2022-11-18,35,Display,Acquisition,17142,292,577.89,AED,0.017034185042585463,1.9790753424657535,33.71193559677984
2022-11-19,35,Display,Acquisition,26213,451,656.7,AED,0.017205203524968526,1.45609756097561,25.052454888795637
2022-11-20,35,Display,Acquisition,53563,995,571.89,AED,0.01857625599761029,0.5747638190954774,10.676959841681757
2022-11-21,35,Display,Acquisition,25692,545,515.54,AED,0.021212828896154445,0.9459449541284403,20.06616845710727
2022-11-22,35,Display,Acquisition,28957,687,549.35,AED,0.02372483337362296,0.7996360989810771,18.97123320785993
2022-11-23,35,Display,Acquisition,20522,310,557.84,AED,0.015105740181268883,1.799483870967742,27.18253581522269
2022-11-24,35,Display,Acquisition,15128,292,523.19,AED,0.01930195663670016,1.791746575342466,34.58421470121629
2022-11-25,35,Display,Acquisition,38423,690,603.48,AED,0.017957993909897718,0.8746086956521739,15.706217630065325
2022-11-26,35,Display,Acquisition,43994,888,643.52,AED,0.02018457062326681,0.7246846846846846,14.627449197617857
2023-04-03,36,Display,Reactivation,14542,282,421.36,AED,0.01939210562508596,1.4941843971631206,28.97538165314262
2023-04-04,36,Display,Reactivation,55840,760,565.27,AED,0.013610315186246419,0.7437763157894737,10.123030085959885
2023-04-05,36,Display,Reactivation,35328,876,519.46,AED,0.024796195652173912,0.5929908675799087,14.70391757246377
2023-04-06,36,Display,Reactivation,23068,267,611.04,AED,0.01157447546384602,2.2885393258426965,26.488642275013007
2023-04-07,36,Display,Reactivation,31001,396,448.06,AED,0.012773781490919648,1.1314646464646465,14.453082158640045
2023-04-08,36,Display,Reactivation,45974,1055,392.19,AED,0.022947753077826597,0.3717440758293839,8.530691260277548
2023-04-09,36,Display,Reactivation,13627,188,464.32,AED,0.01379614001614442,2.469787234042553,34.07353049093711
2023-04-10,36,Display,Reactivation,47834,512,572.02,AED,0.010703683572354392,1.1172265625,11.958439603629218
2023-04-11,36,Display,Reactivation,18414,340,540.15,AED,0.01846421201259911,1.5886764705882352,29.33365917236885
2023-04-12,36,Display,Reactivation,31214,445,510.07,AED,0.01425642339975652,1.1462247191011237,16.3410649067726
2023-04-13,36,Display,Reactivation,16168,352,465.36,AED,0.02177140029688273,1.3220454545454545,28.782780801583378
2023-04-14,36,Display,Reactivation,28666,605,543.94,AED,0.02110514198004605,0.8990743801652894,18.97509244401033
2023-04-15,36,Display,Reactivation,23305,542,490.92,AED,0.023256811842952155,0.9057564575645757,21.065007509118217
2023-04-16,36,Display,Reactivation,15297,343,454.91,AED,0.02242269726090083,1.326268221574344,29.73851081911486
2023-04-17,36,Display,Reactivation,34483,834,545.08,AED,0.024185830699185104,0.6535731414868106,15.807209349534553
2023-04-18,36,Display,Reactivation,26748,221,679.92,AED,0.00826229998504561,3.0765610859728505,25.419470614625393
2023-04-19,36,Display,Reactivation,17374,152,589.51,AED,0.00874870496143663,3.8783552631578946,33.93058593300334
2023-04-20,36,Display,Reactivation,21356,469,554.86,AED,0.021961041393519384,1.1830703624733476,25.98145720172317
2023-04-21,36,Display,Reactivation,60893,1048,508.98,AED,0.017210516808171712,0.4856679389312977,8.358596226167212
2023-04-22,36,Display,Reactivation,49700,975,494.51,AED,0.019617706237424547,0.5071897435897436,9.94989939637827
2023-04-23,36,Display,Reactivation,12161,255,262.52,AED,0.02096867033961023,1.0294901960784313,21.58704053942932
2023-04-24,36,Display,Reactivation,16127,176,411.31,AED,0.010913375085260742,2.3369886363636363,25.504433558628385
2023-04-25,36,Display,Reactivation,15745,290,496.84,AED,0.01841854557002223,1.7132413793103447,31.555414417275323
2023-04-26,36,Display,Reactivation,17701,217,441.2,AED,0.012259194395796848,2.033179723502304,24.92514547200723
2023-04-27,36,Display,Reactivation,16940,371,503.14,AED,0.021900826446280993,1.3561725067385444,29.7012987012987
2023-04-28,36,Display,Reactivation,24685,513,500.71,AED,0.02078185132671663,0.9760428849902534,20.283978124367025
2023-04-29,36,Display,Reactivation,45931,794,531.73,AED,0.017286799764864687,0.6696851385390429,11.576712895430102
2023-04-30,36,Display,Reactivation,22575,508,435.39,AED,0.022502768549280176,0.8570669291338583,19.28637873754153
2023-05-01,36,Display,Reactivation,16323,158,507.93,AED,0.009679593212032102,3.214746835443038,31.117441646756113
2023-05-02,36,Display,Reactivation,15271,155,482.87,AED,0.010149957435662367,3.115290322580645,31.620064173924433
2023-05-03,36,Display,Reactivation,17129,166,470.03,AED,0.0096911670266799,2.8315060240963854,27.44059781656839
2023-05-04,36,Display,Reactivation,13247,158,388.16,AED,0.01192722880652223,2.456708860759494,29.301728693289046
2023-05-05,36,Display,Reactivation,23626,283,596.77,AED,0.011978328959620756,2.108727915194346,25.25903665453314
2023-05-06,36,Display,Reactivation,48236,1096,551.04,AED,0.022721618708018906,0.5027737226277372,11.423832821958703
2023-05-07,36,Display,Reactivation,22035,223,529.43,AED,0.01012026321760835,2.374125560538116,24.026775584297706
2023-05-08,36,Display,Reactivation,15301,319,411.75,AED,0.020848310567936738,1.2907523510971788,26.910005881968498
2023-05-09,36,Display,Reactivation,44361,736,481.61,AED,0.016591149883907034,0.6543614130434783,10.85660828204955
2023-05-10,36,Display,Reactivation,24442,359,549.06,AED,0.014687832419605596,1.5294150417827297,22.463791833728827
2023-05-11,36,Display,Reactivation,16246,266,502.04,AED,0.01637326111042718,1.8873684210526316,30.90237596946941
2023-05-12,36,Display,Reactivation,13554,300,418.34,AED,0.02213368747233289,1.3944666666666665,30.864689390585806
2023-05-13,36,Display,Reactivation,13868,189,262.05,AED,0.013628497259878858,1.3865079365079365,18.8960196134987
2023-05-14,36,Display,Reactivation,49010,1053,707.47,AED,0.021485411140583555,0.6718613485280153,14.435217302591308
2023-05-15,36,Display,Reactivation,22599,309,477.64,AED,0.013673171379264569,1.5457605177993528,21.13544847117129
2023-05-16,36,Display,Reactivation,14291,188,480.64,AED,0.013155132600937654,2.556595744680851,33.63235602826954
2023-05-17,36,Display,Reactivation,37467,593,470.56,AED,0.015827261323297835,0.7935244519392918,12.559318867269864
2023-05-18,36,Display,Reactivation,23457,329,537.09,AED,0.014025663980901224,1.6324924012158055,22.896789870827472
2023-05-19,36,Display,Reactivation,17642,430,354.21,AED,0.02437365378075048,0.8237441860465116,20.077655594603787
2023-05-20,36,Display,Reactivation,27158,428,395.8,AED,0.015759628838647913,0.9247663551401869,14.573974519478607
2023-05-21,36,Display,Reactivation,15695,180,447.43,AED,0.011468620579802484,2.4857222222222224,28.507805033450143
2023-05-22,36,Display,Reactivation,35446,623,607.76,AED,0.017576031145968514,0.97553772070626,17.14608136320036
2023-05-23,36,Display,Reactivation,34658,714,469.09,AED,0.020601304172196896,0.6569887955182072,13.534826014195856
2023-05-24,36,Display,Reactivation,29892,606,523.66,AED,0.02027298273785628,0.8641254125412541,17.518399571791782
2023-05-25,36,Display,Reactivation,29001,678,481.98,AED,0.023378504189510707,0.7108849557522124,16.61942691631323
2023-05-26,36,Display,Reactivation,22930,215,488.7,AED,0.009376362843436545,2.2730232558139534,21.312690798081118
2023-05-27,36,Display,Reactivation,36623,880,486.78,AED,0.024028615897113834,0.5531590909090909,13.291647325451219
2023-05-28,36,Display,Reactivation,15059,259,495.88,AED,0.0171990171990172,1.9145945945945946,32.929145361577795
2023-05-29,36,Display,Reactivation,33939,676,518.7,AED,0.019918088334953888,0.7673076923076924,15.283302395474236
2023-05-30,36,Display,Reactivation,60163,597,565.82,AED,0.00992304240147599,0.9477721943048577,9.404783671027044
2023-05-31,36,Display,Reactivation,50767,1268,411.51,AED,0.024976855043630706,0.3245347003154574,8.105856166407312
2023-06-01,36,Display,Reactivation,25030,327,544.73,AED,0.01306432281262485,1.6658409785932722,21.76308429884139
2023-06-02,36,Display,Reactivation,45275,581,547.12,AED,0.012832689122032026,0.9416867469879519,12.084373274434014
2023-06-03,36,Display,Reactivation,26672,248,602.02,AED,0.009298140371925615,2.4274999999999998,22.571235752849432
2023-06-04,36,Display,Reactivation,53200,518,451.5,AED,0.009736842105263158,0.8716216216216216,8.486842105263158
2023-06-05,36,Display,Reactivation,21898,473,552.06,AED,0.021600146132066855,1.1671458773784353,25.21052150881359
2023-06-06,36,Display,Reactivation,23793,336,489.95,AED,0.01412180052956752,1.4581845238095237,20.592190980540497
2023-06-07,36,Display,Reactivation,20997,341,458.4,AED,0.01624041529742344,1.3442815249266862,21.831690241463065
2023-06-08,36,Display,Reactivation,21568,519,536.58,AED,0.024063427299703264,1.0338728323699422,24.878523738872403
2023-06-09,36,Display,Reactivation,62969,571,589.31,AED,0.009067954072638917,1.0320665499124342,9.358732074512854
2023-06-10,36,Display,Reactivation,51810,443,676.56,AED,0.008550472881683072,1.5272234762979682,13.058482918355528
2022-10-20,37,Paid Search,Cross-sell,87251,5606,1018.53,AED,0.0642514125912597,0.1816856938993935,11.673562480659246
2022-10-21,37,Paid Search,Cross-sell,84494,3847,1029.08,AED,0.045529860108410064,0.26750194957109436,12.17932634269889
2022-10-22,37,Paid Search,Cross-sell,54317,2830,808.03,AED,0.052101552000294565,0.28552296819787987,14.876189774840288
2022-10-23,37,Paid Search,Cross-sell,37808,2628,718.36,AED,0.06950909860347017,0.27334855403348557,19.000211595429537
2022-10-24,37,Paid Search,Cross-sell,97206,6247,920.72,AED,0.06426558031397239,0.14738594525372178,9.471843301853797
2022-10-25,37,Paid Search,Cross-sell,38048,2033,830.31,AED,0.053432506307821696,0.408416133792425,21.8226976450799
2022-10-26,37,Paid Search,Cross-sell,54934,2535,732.69,AED,0.04614628463246805,0.2890295857988166,13.337641533476535
2022-10-27,37,Paid Search,Cross-sell,38807,1643,932.33,AED,0.04233772257582395,0.5674558734023128,24.024789342129
2022-10-28,37,Paid Search,Cross-sell,69353,2780,808.79,AED,0.04008478364310124,0.290931654676259,11.661932432627284
2022-10-29,37,Paid Search,Cross-sell,38450,2210,1031.65,AED,0.057477243172951886,0.46680995475113124,26.830949284785437
2022-10-30,37,Paid Search,Cross-sell,53913,3476,785.68,AED,0.06447424554374641,0.22602991944764095,14.573108526700425
2022-10-31,37,Paid Search,Cross-sell,70696,2653,965.1,AED,0.037526875636528234,0.3637768563889936,13.651408849156953
2022-11-01,37,Paid Search,Cross-sell,24255,1400,796.57,AED,0.05772005772005772,0.5689785714285714,32.84147598433313
2022-11-02,37,Paid Search,Cross-sell,107109,7302,1118.36,AED,0.06817354283953729,0.15315803889345384,10.441326125722393
2022-11-03,37,Paid Search,Cross-sell,41873,1540,789.78,AED,0.03677787595825472,0.5128441558441559,18.86131874955222
2022-11-04,37,Paid Search,Cross-sell,34387,1351,736.1,AED,0.03928810306220374,0.5448556624722428,21.406345421234768
2022-11-05,37,Paid Search,Cross-sell,23303,1470,672.7,AED,0.06308200660859117,0.45761904761904765,28.86752778612196
2022-11-06,37,Paid Search,Cross-sell,61727,2952,749.51,AED,0.04782348081066632,0.2538990514905149,12.142336416803019
2022-11-07,37,Paid Search,Cross-sell,25780,1540,762.03,AED,0.05973622963537626,0.49482467532467533,29.558960434445304
2022-11-08,37,Paid Search,Cross-sell,64718,3095,850.42,AED,0.04782286226397602,0.2747722132471728,13.140393708087394
2022-11-09,37,Paid Search,Cross-sell,83094,5775,937.06,AED,0.06949960285941223,0.16226147186147186,11.277107853755986
2022-11-10,37,Paid Search,Cross-sell,27153,1321,789.58,AED,0.048650241225647255,0.5977138531415594,29.078923139247966
2022-11-11,37,Paid Search,Cross-sell,44102,1812,1012.63,AED,0.04108657203754932,0.5588465783664459,22.96109019999093
2022-11-12,37,Paid Search,Cross-sell,50601,3264,922.21,AED,0.06450465405822019,0.28253982843137254,18.225133890634574
2022-11-13,37,Paid Search,Cross-sell,34499,2286,1083.44,AED,0.06626279022580364,0.47394575678040246,31.404968259949566
2022-11-14,37,Paid Search,Cross-sell,32756,1255,1075.55,AED,0.03831359140310172,0.857011952191235,32.83520576382953
2022-11-15,37,Paid Search,Cross-sell,39585,2226,1125.68,AED,0.05623342175066313,0.505696316262354,28.43703423013768
2022-11-16,37,Paid Search,Cross-sell,75349,4740,942.11,AED,0.06290727149663565,0.19875738396624473,12.503284715125615
2022-11-17,37,Paid Search,Cross-sell,40942,1682,840.25,AED,0.04108250696106688,0.4995541022592152,20.522934883493722
2022-11-18,37,Paid Search,Cross-sell,54529,1943,933.1,AED,0.035632415778759925,0.4802367472979928,17.11199545196134
2022-11-19,37,Paid Search,Cross-sell,42421,2469,1049.04,AED,0.058202305461917445,0.42488456865127583,24.729261450696587
2022-11-20,37,Paid Search,Cross-sell,19776,841,604.76,AED,0.04252629449838188,0.7190963139120095,30.580501618122977
2022-11-21,37,Paid Search,Cross-sell,26125,1003,901.29,AED,0.03839234449760766,0.8985942173479561,34.49913875598086
2022-11-22,37,Paid Search,Cross-sell,65938,3780,1067.07,AED,0.057326579514088996,0.28229365079365076,16.182929418544695
2022-11-23,37,Paid Search,Cross-sell,100310,5439,980.22,AED,0.05422191207257502,0.18022062879205736,9.771907088027117
2022-11-24,37,Paid Search,Cross-sell,36449,2108,873.08,AED,0.05783423413536722,0.41417457305502847,23.953469230980275
2022-11-25,37,Paid Search,Cross-sell,26020,1088,800.9,AED,0.04181398923904689,0.7361213235294117,30.780169100691776
2022-11-26,37,Paid Search,Cross-sell,23759,1299,720.52,AED,0.05467401826676207,0.5546728252501925,30.32619217980555
2022-11-27,37,Paid Search,Cross-sell,74073,4067,1007.61,AED,0.05490529612679384,0.24775264322596507,13.602932242517516
2022-11-28,37,Paid Search,Cross-sell,32832,1645,1031.88,AED,0.050103557504873296,0.6272826747720366,31.429093567251467
2022-11-29,37,Paid Search,Cross-sell,75401,3666,893.9,AED,0.048620044826991685,0.24383524277141297,11.855280433946499
2022-11-30,37,Paid Search,Cross-sell,28752,1328,968.85,AED,0.04618809126321647,0.7295557228915662,33.69678631051753
2022-12-01,37,Paid Search,Cross-sell,29469,1352,812.26,AED,0.04587872001085887,0.600784023668639,27.5632020088907
2021-12-18,38,Paid Search,Reactivation,29813,1505,868.74,AED,0.05048133364639587,0.5772358803986711,29.139637071076375
2021-12-19,38,Paid Search,Reactivation,60418,3051,1107.1,AED,0.05049819590188354,0.36286463454605045,18.324009401171836
2021-12-20,38,Paid Search,Reactivation,48996,2344,889.64,AED,0.04784064005224916,0.3795392491467577,18.157400604130952
2021-12-21,38,Paid Search,Reactivation,61167,3263,1086.8,AED,0.05334575833374205,0.33306772908366533,17.767750584465478
2021-12-22,38,Paid Search,Reactivation,35091,1559,916.23,AED,0.044427346043144966,0.5877036561898653,26.11011370436864
2021-12-23,38,Paid Search,Reactivation,34113,1883,939.32,AED,0.05519889778090464,0.49884227296866707,27.535543634391583
2021-12-24,38,Paid Search,Reactivation,34552,1244,880.7,AED,0.03600370456124103,0.7079581993569132,25.489117851354482
2021-12-25,38,Paid Search,Reactivation,40756,1939,926.6,AED,0.04757581705761115,0.47787519339865914,22.735302777505154
2021-12-26,38,Paid Search,Reactivation,119975,5010,1223.73,AED,0.041758699729110234,0.24425748502994013,10.199874973952907
2021-12-27,38,Paid Search,Reactivation,42964,1583,885.08,AED,0.03684480029792384,0.5591156032849021,20.600502746485432
2021-12-28,38,Paid Search,Reactivation,108400,6514,977.15,AED,0.06009225092250923,0.15000767577525329,9.01429889298893
2021-12-29,38,Paid Search,Reactivation,68433,4178,996.69,AED,0.061052416231934886,0.23855672570607947,14.564464512735084
2021-12-30,38,Paid Search,Reactivation,105330,4386,1321.1,AED,0.041640558245514096,0.30120839033287733,12.542485521693724
2021-12-31,38,Paid Search,Reactivation,44819,2580,658.02,AED,0.05756487204087552,0.255046511627907,14.681719806332136
2022-01-01,38,Paid Search,Reactivation,33468,2137,855.99,AED,0.06385203776741963,0.40055685540477304,25.57637145930441
2022-01-02,38,Paid Search,Reactivation,52076,3608,801.4,AED,0.06928335509639758,0.22211751662971174,15.38904677778631
2022-01-03,38,Paid Search,Reactivation,36577,2188,881.47,AED,0.05981901194739864,0.4028656307129799,24.09902397681603
2022-01-04,38,Paid Search,Reactivation,100049,5494,901.77,AED,0.05491309258463353,0.1641372406261376,9.013283491089366
2022-01-05,38,Paid Search,Reactivation,26429,1820,868.48,AED,0.06886374815543532,0.4771868131868132,32.86087252639147
2022-01-06,38,Paid Search,Reactivation,18387,1077,616.26,AED,0.058573992494697344,0.5722005571030641,33.516071137216514
2022-01-07,38,Paid Search,Reactivation,120634,6188,1176.46,AED,0.051295654624732664,0.19011958629605688,9.752308636039592
2022-01-08,38,Paid Search,Reactivation,43131,2388,875.47,AED,0.05536620991862002,0.36661222780569513,20.29792956342306
2022-01-09,38,Paid Search,Reactivation,38821,1581,684.53,AED,0.040725380592978026,0.43297280202403543,17.63298214883697
2022-01-10,38,Paid Search,Reactivation,41444,1941,1074.59,AED,0.04683428240517325,0.5536269963936115,25.928723096226232
2022-01-11,38,Paid Search,Reactivation,27136,1816,902.54,AED,0.06692216981132075,0.49699339207048454,33.25987617924528
2022-01-12,38,Paid Search,Reactivation,29278,1936,999.33,AED,0.06612473529612678,0.5161828512396694,34.13245440262313
2022-01-13,38,Paid Search,Reactivation,40195,2152,973.32,AED,0.053538997387734794,0.45228624535315987,24.214952108471206
2022-01-14,38,Paid Search,Reactivation,51886,3164,1195.76,AED,0.060979840419380954,0.3779266750948167,23.045908337509154
2022-01-15,38,Paid Search,Reactivation,51937,2844,807.82,AED,0.05475864990276681,0.28404360056258793,15.55384408032809
2022-01-16,38,Paid Search,Reactivation,31059,1840,877.57,AED,0.059242087639653565,0.4769402173913044,28.25493415757108
2022-01-17,38,Paid Search,Reactivation,22757,1017,790.78,AED,0.044689546073735556,0.7775614552605703,34.74886848002812
2022-01-18,38,Paid Search,Reactivation,31179,2026,620.35,AED,0.06497963372782962,0.30619447186574533,19.896404631322365
2022-01-19,38,Paid Search,Reactivation,33905,2233,897.61,AED,0.06586049255272083,0.4019749216300941,26.474266332399353
2022-01-20,38,Paid Search,Reactivation,98479,6509,946.74,AED,0.06609530965992749,0.14545091411891228,9.613623209009027
2022-01-21,38,Paid Search,Reactivation,51165,2354,863.93,AED,0.04600801329033519,0.3670050977060323,16.885175412879896
2022-01-22,38,Paid Search,Reactivation,107255,5076,996.41,AED,0.04732646496666822,0.19629826635145783,9.290103025499976
2022-01-23,38,Paid Search,Reactivation,29016,1417,903.21,AED,0.04883512544802868,0.637410021171489,31.127998345740284
2022-01-24,38,Paid Search,Reactivation,46458,3114,855.3,AED,0.06702828361100349,0.27466281310211943,18.410176934004905
2022-01-25,38,Paid Search,Reactivation,25178,1326,719.42,AED,0.05266502502184447,0.5425490196078431,28.573357693224242
2022-01-26,38,Paid Search,Reactivation,93791,4143,897.81,AED,0.044172681813820086,0.21670528602461983,9.572453646938406
2022-01-27,38,Paid Search,Reactivation,47519,1924,939.65,AED,0.04048906753088238,0.4883835758835759,19.774195584923923
2022-01-28,38,Paid Search,Reactivation,35769,2430,982.92,AED,0.06793592216723979,0.4044938271604938,27.47966115910425
2022-01-29,38,Paid Search,Reactivation,21710,1151,690.47,AED,0.05301704283740212,0.599887054735013,31.804237678489173
2022-01-30,38,Paid Search,Reactivation,41258,1609,945.76,AED,0.03899849726113724,0.5877936606587942,22.92306946531582
2022-01-31,38,Paid Search,Reactivation,96464,5164,1100.25,AED,0.053532924199701445,0.21306158017041055,11.405809421131199
2023-03-08,39,Affiliate,Retention,8796,238,300.48,AED,0.02705775352432924,1.2625210084033613,34.16098226466576
2023-03-09,39,Affiliate,Retention,36473,1050,354.42,AED,0.02878841883036767,0.33754285714285714,9.717325144627532
2023-03-10,39,Affiliate,Retention,5880,116,191.01,AED,0.019727891156462583,1.6466379310344827,32.48469387755102
2023-03-11,39,Affiliate,Retention,9544,239,234.96,AED,0.025041911148365466,0.9830962343096235,24.618608549874267
2023-03-12,39,Affiliate,Retention,17033,547,258.25,AED,0.03211413139200376,0.47212065813528337,15.161744848235777
2023-03-13,39,Affiliate,Retention,7411,160,249.15,AED,0.021589529078396976,1.5571875,33.61894481176629
2023-03-14,39,Affiliate,Retention,7000,239,232.56,AED,0.03414285714285714,0.9730543933054393,33.222857142857144
2023-03-15,39,Affiliate,Retention,10303,366,265.47,AED,0.03552363389304086,0.7253278688524591,25.766281665534315
2023-03-16,39,Affiliate,Retention,9992,380,272.57,AED,0.038030424339471576,0.7172894736842105,27.278823058446754
2023-03-17,39,Affiliate,Retention,12105,217,265.86,AED,0.01792647666253614,1.2251612903225808,21.96282527881041
2023-03-18,39,Affiliate,Retention,9186,248,220.46,AED,0.026997605051164816,0.8889516129032259,23.999564554757242
2023-03-19,39,Affiliate,Retention,10720,163,265.98,AED,0.015205223880597014,1.6317791411042946,24.811567164179106
2023-03-20,39,Affiliate,Retention,7759,190,261.21,AED,0.024487691712849594,1.3747894736842103,33.665420801649695
2023-03-21,39,Affiliate,Retention,10660,350,207.43,AED,0.03283302063789869,0.5926571428571429,19.45872420262664
2023-03-22,39,Affiliate,Retention,10497,214,200.41,AED,0.02038677717443079,0.9364953271028037,19.092121558540533
2023-03-23,39,Affiliate,Retention,8654,158,294.98,AED,0.018257453200831986,1.8669620253164558,34.08597180494569
2023-03-24,39,Affiliate,Retention,18060,623,252.63,AED,0.034496124031007755,0.4055056179775281,13.988372093023257
2023-03-25,39,Affiliate,Retention,19360,329,260.04,AED,0.016993801652892562,0.7903951367781156,13.431818181818183
2023-03-26,39,Affiliate,Retention,24491,861,251.99,AED,0.03515577150790086,0.29267131242741,10.289085786615491
2023-03-27,39,Affiliate,Retention,9095,344,262.22,AED,0.037822979659153384,0.7622674418604652,28.831225948323258
2023-03-28,39,Affiliate,Retention,29742,1028,279.97,AED,0.034563916347253046,0.27234435797665374,9.413287606751396
2023-03-29,39,Affiliate,Retention,9603,335,296.05,AED,0.034884931792148285,0.8837313432835822,30.828907633031346
2023-03-30,39,Affiliate,Retention,6502,215,200.42,AED,0.03306674869270994,0.9321860465116278,30.824361734850815
2023-03-31,39,Affiliate,Retention,7678,145,264.76,AED,0.018885126334983068,1.8259310344827586,34.482938265173225
2023-04-01,39,Affiliate,Retention,8010,157,235.49,AED,0.019600499375780275,1.4999363057324842,29.399500624219726
2023-04-02,39,Affiliate,Retention,24164,965,236.81,AED,0.03993544115212713,0.24539896373056996,9.800115874855157
2023-04-03,39,Affiliate,Retention,13211,495,303.54,AED,0.03746877601998335,0.6132121212121212,22.97630762243585
2023-04-04,39,Affiliate,Retention,7474,113,246.72,AED,0.01511907947551512,2.183362831858407,33.01043617875301
2023-04-05,39,Affiliate,Retention,9891,368,257.88,AED,0.03720554039025377,0.7007608695652173,26.072186836518046
2023-04-06,39,Affiliate,Retention,12461,376,254.45,AED,0.030174143327180804,0.6767287234042553,20.419709493620093
2023-04-07,39,Affiliate,Retention,8300,180,283.21,AED,0.021686746987951807,1.5733888888888887,34.12168674698795
2023-04-08,39,Affiliate,Retention,11325,194,241.92,AED,0.017130242825607066,1.2470103092783504,21.361589403973507
2023-04-09,39,Affiliate,Retention,22538,587,268.2,AED,0.026044901943384505,0.45689948892674614,11.899902387079598
2023-04-10,39,Affiliate,Retention,22196,622,377.81,AED,0.028023067219318794,0.607411575562701,17.02153541178591
2023-04-11,39,Affiliate,Retention,9078,297,259.16,AED,0.03271645736946464,0.8725925925925927,28.548138356466183
2023-04-12,39,Affiliate,Retention,14724,240,263.42,AED,0.016299918500407497,1.0975833333333334,17.89051888073893
2023-04-13,39,Affiliate,Retention,17941,527,232.58,AED,0.029374059416977873,0.4413282732447818,12.963602920684465
2023-04-14,39,Affiliate,Retention,17923,428,218.32,AED,0.023879930815153712,0.5100934579439252,12.180996484963455
2023-04-15,39,Affiliate,Retention,15430,393,284.45,AED,0.025469863901490603,0.7237913486005089,18.4348671419313
2023-04-16,39,Affiliate,Retention,14401,218,333.79,AED,0.015137837650163183,1.5311467889908257,23.178251510311785
2023-04-17,39,Affiliate,Retention,8264,179,271.4,AED,0.021660212971926426,1.5162011173184355,32.84123910939012
2023-04-18,39,Affiliate,Retention,13619,397,245.19,AED,0.029150451575005506,0.6176070528967255,18.00352448784786
2023-04-19,39,Affiliate,Retention,9523,240,248.24,AED,0.02520214218208548,1.0343333333333333,26.06741573033708
2023-04-20,39,Affiliate,Retention,13096,212,271.21,AED,0.016188149053146,1.2792924528301886,20.70937690897984
2023-04-21,39,Affiliate,Retention,14054,316,284.7,AED,0.02248470186423794,0.9009493670886075,20.257577913761203
2023-04-22,39,Affiliate,Retention,13037,474,239.48,AED,0.036358057835391575,0.5052320675105485,18.369256730842984
2023-04-23,39,Affiliate,Retention,20534,437,229.42,AED,0.02128177656569592,0.5249885583524028,11.172689198402647
2023-04-24,39,Affiliate,Retention,9107,269,299.27,AED,0.02953771823871747,1.112527881040892,32.86153508290326
2023-04-25,39,Affiliate,Retention,19944,701,356.66,AED,0.03514841556357802,0.5087874465049929,17.88307260328921
2023-04-26,39,Affiliate,Retention,13348,239,295.39,AED,0.01790530416541804,1.2359414225941423,22.12990710218759
2023-04-27,39,Affiliate,Retention,8021,182,267.01,AED,0.022690437601296597,1.4670879120879121,33.288866724847274
2023-04-28,39,Affiliate,Retention,6997,238,220.27,AED,0.03401457767614692,0.9255042016806723,31.48063455766757
2023-04-29,39,Affiliate,Retention,20480,497,274.25,AED,0.024267578125,0.5518108651911469,13.39111328125
2023-04-30,39,Affiliate,Retention,11268,373,242.8,AED,0.03310259140930068,0.6509383378016086,21.54774582889599
2023-05-01,39,Affiliate,Retention,12035,343,253.92,AED,0.02850020772746157,0.7402915451895044,21.098462816784377
2023-05-02,39,Affiliate,Retention,7515,144,226.17,AED,0.019161676646706587,1.570625,30.09580838323353
2023-05-03,39,Affiliate,Retention,12449,404,286.44,AED,0.03245240581572817,0.709009900990099,23.009077034299946
2023-05-04,39,Affiliate,Retention,15714,290,300.54,AED,0.018454880997836324,1.036344827586207,19.12562046582665
2023-05-05,39,Affiliate,Retention,10882,255,274.92,AED,0.023433192427862525,1.0781176470588236,25.263738283403786
2023-05-06,39,Affiliate,Retention,10598,314,344.31,AED,0.029628231741838082,1.0965286624203823,32.48820532175882
2023-05-07,39,Affiliate,Retention,9104,317,258.76,AED,0.034819859402460455,0.8162776025236593,28.422671353251317
2023-05-08,39,Affiliate,Retention,10751,401,229.58,AED,0.0372988559203795,0.5725187032418952,21.354292623941962
2023-05-09,39,Affiliate,Retention,7412,277,239.14,AED,0.03737182946573125,0.8633212996389891,32.26389638424177
2023-05-10,39,Affiliate,Retention,7593,276,201.34,AED,0.036349269063611224,0.7294927536231884,26.516528381403926
2023-05-11,39,Affiliate,Retention,15536,395,224.71,AED,0.025424819773429454,0.5688860759493671,14.46382595262616
2022-07-25,40,Display,Cross-sell,31124,418,460.09,AED,0.013430150366276828,1.1006937799043062,14.782482971340443
2022-07-26,40,Display,Cross-sell,20022,310,469.56,AED,0.015482968734392168,1.514709677419355,23.45220257716512
2022-07-27,40,Display,Cross-sell,25635,530,445.06,AED,0.020674858591769065,0.8397358490566038,17.361419933684417
2022-07-28,40,Display,Cross-sell,30710,634,520.98,AED,0.020644741126668836,0.8217350157728707,16.96450667535005
2022-07-29,40,Display,Cross-sell,43943,448,531.87,AED,0.010195025373779669,1.1872098214285713,12.103634253464717
2022-07-30,40,Display,Cross-sell,39758,360,582.52,AED,0.009054781427637205,1.618111111111111,14.651642436742291
2022-07-31,40,Display,Cross-sell,39752,898,459.39,AED,0.02259005836184343,0.5115701559020044,11.556399678003622
2022-08-01,40,Display,Cross-sell,17406,295,400.23,AED,0.01694817878892336,1.3567118644067797,22.99379524301965
2022-08-02,40,Display,Cross-sell,21593,258,554.89,AED,0.011948316584078173,2.150736434108527,25.697679803640067
2022-08-03,40,Display,Cross-sell,17566,145,469.76,AED,0.008254582716611636,3.2397241379310344,26.74257087555505
2022-08-04,40,Display,Cross-sell,30968,432,559.34,AED,0.013949883750968742,1.2947685185185185,18.061870317747353
2022-08-05,40,Display,Cross-sell,15077,176,442.27,AED,0.011673409829541686,2.512897727272727,29.334085030178414
2022-08-06,40,Display,Cross-sell,19271,417,506.45,AED,0.02163873177313061,1.2145083932853717,26.28042135851798
2022-08-07,40,Display,Cross-sell,24045,337,622.06,AED,0.014015387814514451,1.8458753709198812,25.870659180702845
2022-08-08,40,Display,Cross-sell,17820,231,531.74,AED,0.012962962962962963,2.301904761904762,29.83950617283951
2022-08-09,40,Display,Cross-sell,33934,446,618.68,AED,0.013143160252254376,1.3871748878923766,18.231861849472505
2022-08-10,40,Display,Cross-sell,26213,574,534.81,AED,0.02189753175905085,0.9317247386759581,20.402472055850147
2022-08-11,40,Display,Cross-sell,19586,457,506.5,AED,0.023332992954150925,1.1083150984682713,25.860308383539262
2022-08-12,40,Display,Cross-sell,52294,624,557.5,AED,0.011932535281294222,0.8934294871794872,10.660878877117833
2022-08-13,40,Display,Cross-sell,18141,273,564.93,AED,0.015048784521250207,2.0693406593406594,31.14106168347941
2022-08-14,40,Display,Cross-sell,52063,803,542.09,AED,0.015423621381787449,0.6750809464508095,10.412192920116013
2022-08-15,40,Display,Cross-sell,15373,142,443.54,AED,0.009236973915306056,3.1235211267605636,28.851883171794704
2022-08-16,40,Display,Cross-sell,14072,214,427.04,AED,0.015207504263786243,1.995514018691589,30.346787947697557
2022-08-17,40,Display,Cross-sell,25722,244,440.08,AED,0.0094860430759661,1.8036065573770492,17.10908949537361
2022-08-18,40,Display,Cross-sell,15154,329,514.68,AED,0.02171043948792398,1.5643768996960485,33.963310017157184
2022-08-19,40,Display,Cross-sell,11659,161,387.15,AED,0.013809074534694227,2.4046583850931675,33.20610687022901
2022-08-20,40,Display,Cross-sell,39198,688,483.97,AED,0.01755191591407725,0.7034447674418605,12.346803408337161
2022-08-21,40,Display,Cross-sell,27867,694,581.93,AED,0.024904008325259266,0.8385158501440921,20.882405712850325
2022-08-22,40,Display,Cross-sell,19603,181,516.31,AED,0.009233280620313217,2.852541436464088,26.338315563944292
2022-08-23,40,Display,Cross-sell,33067,313,536.23,AED,0.009465630386790456,1.7131948881789139,16.216469592040404
2022-08-24,40,Display,Cross-sell,45949,718,369.37,AED,0.01562602015277808,0.5144428969359331,8.038695074974427
2022-08-25,40,Display,Cross-sell,14859,191,519.76,AED,0.012854162460461673,2.7212565445026176,34.9794737196312
2022-08-26,40,Display,Cross-sell,37895,406,590.12,AED,0.010713814487399394,1.4534975369458127,15.572502968729383
2022-08-27,40,Display,Cross-sell,15712,367,462.04,AED,0.02335794297352342,1.2589645776566758,29.406822810590633
2022-08-28,40,Display,Cross-sell,12827,153,440.35,AED,0.011927964449988306,2.8781045751633987,34.32992905589772
2022-08-29,40,Display,Cross-sell,42950,978,474.46,AED,0.022770663562281725,0.4851329243353783,11.046798603026774
2022-08-30,40,Display,Cross-sell,22180,239,558.4,AED,0.010775473399458972,2.336401673640167,25.175834084761046
2022-08-31,40,Display,Cross-sell,13363,209,372.75,AED,0.015640200553767865,1.7834928229665072,27.89418543740178
2022-09-01,40,Display,Cross-sell,13205,117,458.38,AED,0.008860280196895115,3.917777777777778,34.71260886028019
2022-09-02,40,Display,Cross-sell,22232,297,479.89,AED,0.013359121986326017,1.6157912457912458,21.585552356962936
2022-09-03,40,Display,Cross-sell,12107,276,335.26,AED,0.0227967291649459,1.2147101449275362,27.691418187825224
2022-09-04,40,Display,Cross-sell,16934,222,513.11,AED,0.013109720089760246,2.311306306306306,30.300578717373334
2022-09-05,40,Display,Cross-sell,31333,419,587.79,AED,0.013372482685986021,1.4028400954653937,18.759454887817952
2022-09-06,40,Display,Cross-sell,10742,143,364.85,AED,0.013312232358964811,2.5513986013986014,33.96481102215603
2022-09-07,40,Display,Cross-sell,45071,764,479.89,AED,0.016951032814892058,0.6281282722513089,10.64742295489339
2023-04-09,41,Social,Retention,25906,1139,510.31,AED,0.04396664865282174,0.44803336259877086,19.69852543812244
2023-04-10,41,Social,Retention,14564,477,407.31,AED,0.032751991211205714,0.8538993710691823,27.966904696511946
2023-04-11,41,Social,Retention,14790,318,427.42,AED,0.02150101419878296,1.3440880503144654,28.89925625422583
2023-04-12,41,Social,Retention,52312,2294,436.61,AED,0.043852270989447925,0.1903269398430689,8.346268542590611
2023-04-13,41,Social,Retention,30565,1466,438.93,AED,0.04796335678063144,0.29940654843110504,14.360543104858499
2023-04-14,41,Social,Retention,16661,687,519.96,AED,0.04123401956665266,0.7568558951965066,31.20821079166917
2023-04-15,41,Social,Retention,21204,1038,727.97,AED,0.04895302773061686,0.7013198458574181,34.33172986229013
2023-04-16,41,Social,Retention,25199,1117,348.06,AED,0.04432715583951744,0.3116025067144136,13.812452875114092
2023-04-17,41,Social,Retention,18248,586,479.1,AED,0.03211310828583954,0.8175767918088738,26.254932047347655
2023-04-22,42,Paid Search,Retention,18477,704,612.56,AED,0.038101423391243165,0.8701136363636363,33.15256805758511
2023-04-23,42,Paid Search,Retention,23469,949,760.67,AED,0.040436320252247644,0.8015489989462592,32.41169201925945
2023-04-24,42,Paid Search,Retention,37861,2145,677.69,AED,0.05665460500250918,0.31593939393939396,17.899421568368506
2023-04-25,42,Paid Search,Retention,22361,838,540.54,AED,0.037475962613478825,0.645035799522673,24.173337507267117
2023-04-26,42,Paid Search,Retention,32197,2176,454.71,AED,0.06758393639158927,0.2089659926470588,14.122744355064135
2023-04-27,42,Paid Search,Retention,80452,3736,685.76,AED,0.046437627405160845,0.1835546038543897,8.52384030229205
2023-04-28,42,Paid Search,Retention,27668,1234,690.47,AED,0.04460026022842273,0.5595380875202594,24.95554431111754
2023-04-29,42,Paid Search,Retention,70373,4701,699.62,AED,0.06680118795560798,0.14882365454158689,9.941596919273017
2023-04-30,42,Paid Search,Retention,22138,835,749.6,AED,0.03771795103442045,0.8977245508982036,33.86033065317554
2023-05-01,42,Paid Search,Retention,25990,1073,483.6,AED,0.041285109657560604,0.4506989748369059,18.607156598691805
2023-05-02,42,Paid Search,Retention,29943,2051,706.9,AED,0.06849681060681963,0.34466114090687466,23.60818889222857
2023-05-03,42,Paid Search,Retention,23810,1116,589.08,AED,0.04687106257874842,0.5278494623655914,24.74086518269635
2023-05-04,42,Paid Search,Retention,21728,1091,675.98,AED,0.05021170839469809,0.6195967002749772,31.1110088365243
2023-05-05,42,Paid Search,Retention,21630,958,622.01,AED,0.04429033749422099,0.6492797494780793,28.756819232547386
2023-05-06,42,Paid Search,Retention,21671,914,622.31,AED,0.042176180148585665,0.6808643326039386,28.716256748650267
2023-05-07,42,Paid Search,Retention,19022,1286,636.6,AED,0.06760592997581748,0.49502332814930017,33.46651245925771
2023-05-08,42,Paid Search,Retention,34976,1662,475.18,AED,0.04751829826166514,0.28590854392298437,13.58588746569076
2023-05-09,42,Paid Search,Retention,33215,2209,678.78,AED,0.06650609664308295,0.30727931190583974,20.435947614029807
2023-05-10,42,Paid Search,Retention,16754,811,554.75,AED,0.048406350722215594,0.6840320591861899,33.11149576220604
2023-05-11,42,Paid Search,Retention,25955,911,772.99,AED,0.03509921017145059,0.8485071350164655,29.78193026391832
2023-05-12,42,Paid Search,Retention,40459,2013,673.31,AED,0.049754072023529994,0.33448087431693985,16.64178551125831
2023-05-13,42,Paid Search,Retention,67166,3863,605.85,AED,0.057514218503409466,0.1568340667874709,9.020188785992913
2023-05-14,42,Paid Search,Retention,40616,1495,612.82,AED,0.036808154421902696,0.4099130434782609,15.088142603899943
2023-05-15,42,Paid Search,Retention,24040,1247,745.03,AED,0.05187188019966722,0.597457898957498,30.99126455906822
2023-05-16,42,Paid Search,Retention,31883,2207,613.25,AED,0.0692218423611329,0.27786588128681466,19.23438823197315
2023-05-17,42,Paid Search,Retention,38687,1587,614.37,AED,0.041021531780701524,0.3871266540642722,15.880528342854188
2023-05-18,42,Paid Search,Retention,33503,2240,611.2,AED,0.06685968420738442,0.27285714285714285,18.243142405157748
2023-05-19,42,Paid Search,Retention,16208,594,538.61,AED,0.03664856860809477,0.9067508417508418,33.2311204343534
2023-05-20,42,Paid Search,Retention,62472,3423,854.46,AED,0.054792547061083365,0.24962313759859772,13.677487514406454
2023-05-21,42,Paid Search,Retention,33395,1927,630.58,AED,0.05770324898936967,0.3272340425531915,18.8824674352448
2023-05-22,42,Paid Search,Retention,25572,1466,686.58,AED,0.05732832785859534,0.46833560709413374,26.848897231346786
2023-05-23,42,Paid Search,Retention,31315,1237,611.66,AED,0.03950183618074405,0.49447049312853675,19.532492415775188
2023-05-24,42,Paid Search,Retention,19270,994,647.23,AED,0.051582771146860405,0.6511368209255534,33.58744161909704
2023-05-25,42,Paid Search,Retention,36642,1680,785.78,AED,0.0458490257082037,0.46772619047619046,21.444790131543037
2023-05-26,42,Paid Search,Retention,20036,1309,599.56,AED,0.06533240167698143,0.4580290297937356,29.924136554202434
2023-05-27,42,Paid Search,Retention,27575,1701,642.25,AED,0.061686310063463284,0.3775720164609053,23.29102447869447
2023-05-28,42,Paid Search,Retention,58874,2531,687.98,AED,0.04299011448177464,0.27182141446068747,11.685633726262866
2023-05-29,42,Paid Search,Retention,32803,1156,658.14,AED,0.03524067920617017,0.5693252595155709,20.063408834557812
2023-05-30,42,Paid Search,Retention,27923,1328,841.15,AED,0.04755935966765749,0.6333960843373494,30.123912187085914
2023-05-31,42,Paid Search,Retention,32400,2218,873.88,AED,0.06845679012345679,0.3939945897204689,26.971604938271607
2023-06-01,42,Paid Search,Retention,32264,1580,720.99,AED,0.04897098933796182,0.4563227848101266,22.346578229605754
2023-06-02,42,Paid Search,Retention,42924,1692,688.94,AED,0.03941850712887895,0.40717494089834516,16.050228310502284
2023-06-03,42,Paid Search,Retention,23374,1114,718.74,AED,0.04765979293231796,0.6451885098743267,30.749550782921194
2023-06-04,42,Paid Search,Retention,47638,2670,636.98,AED,0.05604769301817877,0.2385692883895131,13.371258239220792
2023-06-05,42,Paid Search,Retention,91956,4548,886.32,AED,0.049458436643612165,0.19488126649076518,9.638522771760407
2023-06-06,42,Paid Search,Retention,16057,1027,453.05,AED,0.06395964376907268,0.44113924050632913,28.215108675344087
2023-06-07,42,Paid Search,Retention,29051,1056,837.37,AED,0.0363498674744415,0.7929640151515152,28.824136862758596
2023-06-08,42,Paid Search,Retention,20821,1337,692.1,AED,0.06421401469670045,0.5176514584891548,33.24047836319101
2023-06-09,42,Paid Search,Retention,17410,794,535.34,AED,0.045605973578403215,0.6742317380352645,30.74899483055715
2023-06-10,42,Paid Search,Retention,46440,1675,568.85,AED,0.036068044788975025,0.3396119402985075,12.24913867355728
2023-06-11,42,Paid Search,Retention,12478,541,418.87,AED,0.04335630710049687,0.7742513863216266,33.568680878345894
2023-06-12,42,Paid Search,Retention,19726,1090,652.34,AED,0.05525702119030721,0.5984770642201835,33.07005981952753
2023-06-13,42,Paid Search,Retention,25412,1700,660.98,AED,0.06689752872658586,0.38881176470588236,26.01054619864631
2023-06-14,42,Paid Search,Retention,88029,3656,796.45,AED,0.041531767940110646,0.2178473741794311,9.047586590782585
2023-06-15,42,Paid Search,Retention,17129,1059,521.47,AED,0.06182497518827719,0.49241737488196413,30.44369198435402
2023-06-16,42,Paid Search,Retention,24536,858,549.77,AED,0.03496902510596674,0.6407575757575757,22.40666775350505
2023-06-17,42,Paid Search,Retention,36042,1524,523.1,AED,0.042284001997669386,0.34324146981627296,14.513622995394263
2023-06-18,42,Paid Search,Retention,48335,2015,751.67,AED,0.04168821764766732,0.3730372208436724,15.551256853211957
2023-06-19,42,Paid Search,Retention,28363,1852,613.09,AED,0.06529633677678666,0.33104211663066957,21.61583753481649
2023-06-20,42,Paid Search,Retention,37291,2281,657.19,AED,0.06116757394545601,0.28811486190267427,17.623287120216673
2023-06-21,42,Paid Search,Retention,29044,1846,664.2,AED,0.06355873846577606,0.3598049837486457,22.868750860762983
2023-06-22,42,Paid Search,Retention,72572,5040,659.09,AED,0.06944827206084991,0.13077182539682541,9.081877308052693
2023-06-23,42,Paid Search,Retention,50598,2040,928.69,AED,0.04031779912249496,0.4552401960784314,18.354282777975417
2023-06-24,42,Paid Search,Retention,23114,1283,550.5,AED,0.05550748464134291,0.42907248636009354,23.81673444665571
2023-06-25,42,Paid Search,Retention,38524,2475,771.83,AED,0.06424566503997509,0.31185050505050504,20.035043090021805
2023-06-26,42,Paid Search,Retention,28348,1650,638.34,AED,0.05820516438549457,0.3868727272727273,22.517990687173697
2023-06-27,42,Paid Search,Retention,17349,846,506.05,AED,0.0487636174995677,0.5981678486997636,29.168828174534553
2023-06-28,42,Paid Search,Retention,17383,841,576.8,AED,0.048380601737329575,0.6858501783590962,33.18184433066789
2023-06-29,42,Paid Search,Retention,25870,923,716.54,AED,0.035678391959798994,0.7763163596966414,27.697719366061072
2023-03-12,43,Paid Search,Cross-sell,28130,1503,892.11,AED,0.05343050124422325,0.5935528942115769,31.71382865268397
2023-03-13,43,Paid Search,Cross-sell,21284,1105,704.67,AED,0.051916932907348244,0.637710407239819,33.107968426987405
2023-03-14,43,Paid Search,Cross-sell,25595,1117,759.45,AED,0.043641336198476266,0.6799015219337512,29.671810900566516
2023-03-15,43,Paid Search,Cross-sell,27784,1858,897.15,AED,0.06687302044342068,0.48285791173304626,32.290167002591424
2023-03-16,43,Paid Search,Cross-sell,34433,2143,904.96,AED,0.06223680771353062,0.4222865142323845,26.28176458629803
2023-03-17,43,Paid Search,Cross-sell,86148,4827,993.93,AED,0.056031480707619444,0.20591050341827222,11.537470399777128
2023-03-18,43,Paid Search,Cross-sell,73914,3060,900.33,AED,0.04139946424222745,0.29422549019607847,12.180777660524393
2023-03-19,43,Paid Search,Cross-sell,46408,2326,828.68,AED,0.05012066885019824,0.356268271711092,17.85640406826409
2023-03-20,43,Paid Search,Cross-sell,37520,1553,810.43,AED,0.041391257995735606,0.5218480360592401,21.599946695095948
2023-03-21,43,Paid Search,Cross-sell,39444,2260,926.83,AED,0.05729642024135483,0.41010176991150443,23.497363350572968
2023-03-22,43,Paid Search,Cross-sell,65806,4065,1122.75,AED,0.061772482752332616,0.2761992619926199,17.06151414764611
2023-03-23,43,Paid Search,Cross-sell,48441,2516,953.55,AED,0.05193947276067794,0.3789944356120826,19.684771164922275
2023-03-24,43,Paid Search,Cross-sell,64827,2463,1060.96,AED,0.0379934286639826,0.4307592367032075,16.36602033103491
2023-03-25,43,Paid Search,Cross-sell,106052,7138,1108.81,AED,0.06730660430732094,0.15533903054076773,10.455342662090295
2023-03-26,43,Paid Search,Cross-sell,45308,2525,798.85,AED,0.055729672464024015,0.3163762376237624,17.63154409817251
2023-03-27,43,Paid Search,Cross-sell,31164,1138,952.4,AED,0.03651649338980875,0.8369068541300527,30.56090360672571
2023-03-28,43,Paid Search,Cross-sell,115916,4874,956.02,AED,0.04204768970633907,0.19614690192860074,8.247524069153524
2023-03-29,43,Paid Search,Cross-sell,25471,1438,863.32,AED,0.056456362137332655,0.6003616133518777,33.89423265674689
2023-03-30,43,Paid Search,Cross-sell,99903,4352,875.27,AED,0.043562255387726095,0.2011190257352941,8.76119836241154
2023-03-31,43,Paid Search,Cross-sell,27883,1381,886.71,AED,0.0495283864720439,0.6420782041998552,31.801097442886345
2023-04-01,43,Paid Search,Cross-sell,50337,2098,957.28,AED,0.04167908298071001,0.45628217349857003,19.017422571865627
2023-04-02,43,Paid Search,Cross-sell,42368,2829,930.5,AED,0.0667720921450151,0.3289148108872393,21.96233006042296
2023-04-03,43,Paid Search,Cross-sell,30454,1196,989.81,AED,0.03927234517633152,0.8276003344481605,32.50180600249557
2023-04-04,43,Paid Search,Cross-sell,50821,3343,1139.37,AED,0.06577989413824993,0.34082261441818723,22.419275496349933
2023-04-05,43,Paid Search,Cross-sell,83985,3757,831.66,AED,0.044734178722390903,0.22136278945967527,9.902482586176102
2023-04-06,43,Paid Search,Cross-sell,33153,2257,555.7,AED,0.06807830362259826,0.24621178555604786,16.761680692546676
2023-04-07,43,Paid Search,Cross-sell,32819,1334,857.42,AED,0.04064718608123343,0.642743628185907,26.125719857399673
2023-04-08,43,Paid Search,Cross-sell,31243,1901,660.3,AED,0.0608456294209903,0.347343503419253,21.134334090836347
2023-04-09,43,Paid Search,Cross-sell,36255,1429,944.99,AED,0.03941525306854227,0.661294611616515,26.06509446972831
2023-04-10,43,Paid Search,Cross-sell,30695,1216,1029.39,AED,0.03961557256882228,0.8465378289473685,33.536080794917744
2023-04-11,43,Paid Search,Cross-sell,24111,1451,800.66,AED,0.06018000082949691,0.5517987594762233,33.20724980299448
2023-04-12,43,Paid Search,Cross-sell,35888,1531,1017.54,AED,0.04266049933125279,0.6646244284781189,28.353209986625053
2023-04-13,43,Paid Search,Cross-sell,41069,1586,1182.36,AED,0.03861793566923957,0.745498108448928,28.789597993620493
2023-04-14,43,Paid Search,Cross-sell,22496,1488,764.53,AED,0.06614509246088193,0.5137970430107527,33.985152916073964
2023-04-15,43,Paid Search,Cross-sell,45781,2342,1006.95,AED,0.05115659334658483,0.4299530315969257,21.994932395535265
2023-04-16,43,Paid Search,Cross-sell,50037,2768,825.1,AED,0.055319063892719386,0.29808526011560693,16.48979754981314
2023-04-17,43,Paid Search,Cross-sell,32759,1948,818.62,AED,0.059464574620714916,0.42023613963039014,24.98916328337251
2023-04-18,43,Paid Search,Cross-sell,40902,1505,1112.57,AED,0.036795266735122976,0.7392491694352159,27.20087037308689
2021-01-31,44,Affiliate,Reactivation,22777,479,343.61,AED,0.021029986389779164,0.7173486430062631,15.085832199148264
2021-02-01,44,Affiliate,Reactivation,19476,723,409.81,AED,0.03712261244608749,0.5668188105117565,21.041795029780243
2021-02-02,44,Affiliate,Reactivation,39849,1071,422.97,AED,0.026876458631333283,0.39492997198879554,10.614319054430476
2021-02-03,44,Affiliate,Reactivation,9063,310,315.19,AED,0.034205009378792894,1.016741935483871,34.77766743903785
2021-02-04,44,Affiliate,Reactivation,24523,618,350.88,AED,0.02520083187212005,0.5677669902912621,14.308200464869714
2021-02-05,44,Affiliate,Reactivation,9385,321,272.76,AED,0.03420351624933404,0.8497196261682243,29.063399041022908
2021-02-06,44,Affiliate,Reactivation,12041,362,259.53,AED,0.030063948177061706,0.7169337016574585,21.55385765301885
2021-02-07,44,Affiliate,Reactivation,18195,494,420.62,AED,0.027150316020884857,0.8514574898785425,23.1173399285518
2021-02-08,44,Affiliate,Reactivation,9389,267,281.15,AED,0.02843753328362978,1.0529962546816478,29.944616040046864
2021-02-09,44,Affiliate,Reactivation,30465,1040,351.55,AED,0.03413753487608731,0.33802884615384615,11.539471524700476
2021-02-10,44,Affiliate,Reactivation,13660,243,300.49,AED,0.017789165446559296,1.2365843621399177,21.997803806734993
2021-02-11,44,Affiliate,Reactivation,10010,196,332.52,AED,0.019580419580419582,1.6965306122448978,33.21878121878122
2021-02-12,44,Affiliate,Reactivation,17488,609,320.83,AED,0.03482387923147301,0.5268144499178982,18.345722781335773
2021-02-13,44,Affiliate,Reactivation,13383,257,271.95,AED,0.01920346708510797,1.058171206225681,20.320555929163863
2021-02-14,44,Affiliate,Reactivation,29553,895,354.09,AED,0.030284573478157887,0.3956312849162011,11.98152471830271
2021-02-15,44,Affiliate,Reactivation,11113,365,258.67,AED,0.032844416449203634,0.7086849315068494,23.276343021686316
2021-02-16,44,Affiliate,Reactivation,10242,402,329.47,AED,0.03925014645577036,0.8195771144278607,32.16852177309119
2021-02-17,44,Affiliate,Reactivation,9977,177,311.32,AED,0.01774080384885236,1.758870056497175,31.203768667936252
2021-02-18,44,Affiliate,Reactivation,41807,1089,344.97,AED,0.026048269428564596,0.31677685950413226,8.25148898509819
2021-02-19,44,Affiliate,Reactivation,41401,1183,382.71,AED,0.0285741890292505,0.3235080304311073,9.243979614018984
2021-02-20,44,Affiliate,Reactivation,13538,497,332.45,AED,0.03671147880041365,0.6689134808853119,24.55680307283203
2021-02-21,44,Affiliate,Reactivation,9308,240,240.83,AED,0.02578427159432746,1.0034583333333333,25.873442200257845
2021-02-22,44,Affiliate,Reactivation,22642,366,355.07,AED,0.01616464976592174,0.9701366120218579,15.681918558431235
2021-02-23,44,Affiliate,Reactivation,11363,415,296.02,AED,0.03652204523453313,0.7133012048192771,26.05121886825662
2021-02-24,44,Affiliate,Reactivation,11959,452,371.24,AED,0.03779580232460908,0.8213274336283186,31.042729325194415
2021-02-25,44,Affiliate,Reactivation,21639,813,328.11,AED,0.03757105226674061,0.403579335793358,15.16290031886871
2021-02-26,44,Affiliate,Reactivation,40552,652,379.72,AED,0.016078121917537977,0.5823926380368099,9.363779838232395
2021-02-27,44,Affiliate,Reactivation,9119,238,250.34,AED,0.026099352999232373,1.0518487394957983,27.452571553898455
2021-02-28,44,Affiliate,Reactivation,11889,178,310.17,AED,0.014971822693245858,1.7425280898876405,26.088821599798134
2021-03-01,44,Affiliate,Reactivation,10711,181,318.75,AED,0.01689851554476706,1.761049723756906,29.759126132013815
2021-03-02,44,Affiliate,Reactivation,15501,370,326.94,AED,0.023869427778852977,0.8836216216216216,21.091542481130247
2021-03-03,44,Affiliate,Reactivation,17205,672,286.63,AED,0.03905841325196164,0.42653273809523806,16.65969195001453
2021-03-04,44,Affiliate,Reactivation,17480,644,342.88,AED,0.03684210526315789,0.5324223602484472,19.615560640732266
2021-03-05,44,Affiliate,Reactivation,21857,379,352.76,AED,0.01733998261426545,0.9307651715039578,16.13945189184243
2021-03-06,44,Affiliate,Reactivation,16281,266,380.95,AED,0.016338062772556967,1.4321428571428572,23.398439899269086
2021-03-07,44,Affiliate,Reactivation,36013,1100,424.73,AED,0.030544525587982117,0.38611818181818186,11.793796684530587
2021-03-08,44,Affiliate,Reactivation,15479,341,351.57,AED,0.022029846889333935,1.0309970674486804,22.712707539246722
2021-03-09,44,Affiliate,Reactivation,8136,293,273.44,AED,0.03601278269419862,0.9332423208191126,33.6086529006883
2021-03-10,44,Affiliate,Reactivation,30399,830,330.31,AED,0.027303529721372413,0.3979638554216868,10.865817954537977
2021-03-11,44,Affiliate,Reactivation,29266,1154,361.13,AED,0.0394314221280667,0.31293760831889084,12.33957493336978
2021-03-12,44,Affiliate,Reactivation,19522,604,348.11,AED,0.030939452924905235,0.576341059602649,17.831677082266165
2021-03-13,44,Affiliate,Reactivation,24874,640,285.66,AED,0.025729677574977888,0.44634375000000004,11.484280775106537
2021-03-14,44,Affiliate,Reactivation,41830,1582,380.48,AED,0.037819746593354055,0.24050568900126423,9.095864212287832
2021-03-15,44,Affiliate,Reactivation,10923,245,333.07,AED,0.022429735420671976,1.359469387755102,30.492538679849858
2021-03-16,44,Affiliate,Reactivation,21746,523,352.04,AED,0.02405040007357675,0.6731166347992352,16.18872436310126
2021-03-17,44,Affiliate,Reactivation,38564,1532,377.66,AED,0.03972616948449331,0.24651436031331594,9.79307125816824
2021-03-18,44,Affiliate,Reactivation,17847,691,356.13,AED,0.03871799181935339,0.515383502170767,19.954614220877456
2021-03-19,44,Affiliate,Reactivation,22792,645,333.73,AED,0.028299403299403298,0.5174108527131783,14.642418392418394
2021-03-20,44,Affiliate,Reactivation,45726,907,449.78,AED,0.01983554214232603,0.4958985667034178,9.836416918164721
2021-03-21,44,Affiliate,Reactivation,24784,829,341.86,AED,0.03344899935442221,0.41237635705669484,13.793576500968367
2021-03-22,44,Affiliate,Reactivation,26549,970,366.69,AED,0.03653621605333534,0.37803092783505154,13.811819654224264
2021-03-23,44,Affiliate,Reactivation,8433,235,282.0,AED,0.027866714099371515,1.2,33.44005691924582
2021-03-24,44,Affiliate,Reactivation,30574,663,285.69,AED,0.021685091908157258,0.4309049773755656,9.344214038071563
2021-03-25,44,Affiliate,Reactivation,12254,347,314.51,AED,0.028317284152113594,0.9063688760806916,25.665905010608782
2021-03-26,44,Affiliate,Reactivation,12838,349,343.23,AED,0.02718491976943449,0.9834670487106018,26.735472815080232
2021-03-27,44,Affiliate,Reactivation,17471,379,381.57,AED,0.02169309140862,1.0067810026385224,21.840192318699557
2021-03-28,44,Affiliate,Reactivation,9787,376,265.03,AED,0.03841831000306529,0.7048670212765956,27.07979973434147
2021-03-29,44,Affiliate,Reactivation,12947,207,218.71,AED,0.015988259828531706,1.0565700483091789,16.89271645941145
2021-03-30,44,Affiliate,Reactivation,40913,1391,513.38,AED,0.033998973431427666,0.3690726096333573,12.54808984919219
2021-03-31,44,Affiliate,Reactivation,9739,376,336.92,AED,0.03860765992401684,0.8960638297872341,34.59492761063764
2021-04-01,44,Affiliate,Reactivation,13545,356,366.02,AED,0.026282761166482097,1.0281460674157303,27.02251753414544
2021-04-02,44,Affiliate,Reactivation,14956,542,337.97,AED,0.03623963626638139,0.6235608856088561,22.597619684407597
2021-04-03,44,Affiliate,Reactivation,10758,317,229.35,AED,0.029466443576873023,0.7235015772870662,21.319018404907975
2021-04-04,44,Affiliate,Reactivation,25296,949,331.51,AED,0.03751581277672359,0.34932560590094835,13.10523402909551
2021-04-05,44,Affiliate,Reactivation,38225,1150,408.49,AED,0.030085022890778287,0.35520869565217394,10.686461739699151
2021-04-06,44,Affiliate,Reactivation,37839,642,426.3,AED,0.016966621739475145,0.664018691588785,11.266153968128123
2021-04-07,44,Affiliate,Reactivation,9308,160,222.46,AED,0.017189514396218308,1.3903750000000001,23.89987107864203
2021-04-08,44,Affiliate,Reactivation,19680,381,386.46,AED,0.019359756097560975,1.0143307086614173,19.63719512195122
2021-04-09,44,Affiliate,Reactivation,13262,306,352.27,AED,0.023073442919619967,1.1512091503267974,26.56235861860956
2021-04-10,44,Affiliate,Reactivation,34534,1360,364.61,AED,0.03938147912202467,0.2680955882352941,10.558000810795159
2021-04-11,44,Affiliate,Reactivation,12491,195,319.11,AED,0.015611240092866864,1.6364615384615386,25.54719397966536
2021-04-12,44,Affiliate,Reactivation,8784,249,262.46,AED,0.028346994535519126,1.0540562248995984,29.879326047358834
2021-04-13,44,Affiliate,Reactivation,27290,1019,338.06,AED,0.037339684866251374,0.331756624141315,12.387687797728105
2021-04-14,44,Affiliate,Reactivation,12977,275,344.2,AED,0.02119133852200046,1.2516363636363637,26.52384988826385
2021-04-15,44,Affiliate,Reactivation,15356,385,360.18,AED,0.025071633237822348,0.9355324675324675,23.45532690804897
2021-04-16,44,Affiliate,Reactivation,18431,376,328.41,AED,0.020400412348760243,0.8734308510638299,17.818349519830722
2021-04-17,44,Affiliate,Reactivation,18985,496,369.33,AED,0.02612588885962602,0.744616935483871,19.45377929944693
2022-04-08,45,Affiliate,Retention,14508,516,215.63,AED,0.03556658395368073,0.4178875968992248,14.86283429831817
2022-04-09,45,Affiliate,Retention,23303,455,378.19,AED,0.019525382997897266,0.8311868131868132,16.229240870274214
2022-04-10,45,Affiliate,Retention,21667,711,223.6,AED,0.03281487977108045,0.31448663853727143,10.319841233211797
2022-04-11,45,Affiliate,Retention,15476,393,286.94,AED,0.025394158697337813,0.7301272264631044,18.540966658051175
2022-04-12,45,Affiliate,Retention,10848,262,224.22,AED,0.024151917404129794,0.8558015267175573,20.669247787610622
2022-04-13,45,Affiliate,Retention,9680,306,250.93,AED,0.03161157024793389,0.8200326797385621,25.922520661157026
2022-04-14,45,Affiliate,Retention,15126,400,237.91,AED,0.02644453259288642,0.5947749999999999,15.72854687293402
2022-04-15,45,Affiliate,Retention,27888,1043,240.46,AED,0.0373995983935743,0.23054650047938638,8.622346528973035
2022-04-16,45,Affiliate,Retention,17470,361,239.15,AED,0.020663995420721237,0.6624653739612189,13.689181453921009
2022-04-17,45,Affiliate,Retention,9383,158,237.04,AED,0.01683896408398167,1.500253164556962,25.262709154854523
2022-04-18,45,Affiliate,Retention,21298,662,247.56,AED,0.031082730772842522,0.37395770392749245,11.623626631608602
2022-04-19,45,Affiliate,Retention,13574,290,312.9,AED,0.021364373066155885,1.0789655172413792,23.051421835862676
2022-04-20,45,Affiliate,Retention,8766,156,224.17,AED,0.01779603011635866,1.4369871794871794,25.57266712297513
2022-04-21,45,Affiliate,Retention,11032,332,168.05,AED,0.03009427121102248,0.5061746987951807,15.232958665699783
2022-04-22,45,Affiliate,Retention,10077,402,317.69,AED,0.03989282524560881,0.790273631840796,31.526247891237475
2022-04-23,45,Affiliate,Retention,14524,311,204.51,AED,0.02141283393004682,0.657588424437299,14.080831726797026
2022-04-24,45,Affiliate,Retention,15694,379,328.72,AED,0.02414935644195234,0.867335092348285,20.945584299732385
2022-04-25,45,Affiliate,Retention,14036,345,253.82,AED,0.02457965232259903,0.7357101449275362,18.083499572527785
2022-04-26,45,Affiliate,Retention,9513,297,291.0,AED,0.03122043519394513,0.9797979797979798,30.589719331441184
2022-04-27,45,Affiliate,Retention,6676,106,200.86,AED,0.015877771120431396,1.8949056603773586,30.086878370281607
2022-04-28,45,Affiliate,Retention,9692,269,305.43,AED,0.02775484936029715,1.1354275092936803,31.51361947998349
2022-04-29,45,Affiliate,Retention,9993,153,260.03,AED,0.015310717502251577,1.6995424836601305,26.02121485039527
2022-04-30,45,Affiliate,Retention,5181,135,163.37,AED,0.02605674580196873,1.2101481481481482,31.532522679019493
2022-05-01,45,Affiliate,Retention,11455,313,227.57,AED,0.027324312527280663,0.7270607028753994,19.86643387167176
2022-05-02,45,Affiliate,Retention,13096,418,247.51,AED,0.031918142944410505,0.5921291866028708,18.899664019547952
2022-05-03,45,Affiliate,Retention,11692,411,282.74,AED,0.03515224084844338,0.6879318734793187,24.18234690386589
2022-05-04,45,Affiliate,Retention,23682,590,259.38,AED,0.024913436365171862,0.4396271186440678,10.952622244742843
2022-05-05,45,Affiliate,Retention,9415,159,294.25,AED,0.016887944768985662,1.85062893081761,31.253319171534788
2022-05-06,45,Affiliate,Retention,18971,687,188.95,AED,0.03621316746613252,0.2750363901018923,9.959938854040377
2022-05-07,45,Affiliate,Retention,12722,455,288.26,AED,0.03576481685269612,0.6335384615384615,22.658387046061936
2022-05-08,45,Affiliate,Retention,19290,351,219.48,AED,0.018195956454121306,0.6252991452991453,11.37791601866252
2022-05-09,45,Affiliate,Retention,15006,347,288.19,AED,0.02312408369985339,0.8305187319884726,19.204984672797547
2022-05-10,45,Affiliate,Retention,10911,417,266.03,AED,0.0382183117954358,0.6379616306954435,24.38181651544313
2022-05-11,45,Affiliate,Retention,19701,413,309.35,AED,0.02096340287295061,0.7490314769975788,15.702248616821482
2022-05-12,45,Affiliate,Retention,9528,156,278.7,AED,0.0163727959697733,1.7865384615384614,29.250629722921914
2022-05-13,45,Affiliate,Retention,11537,383,266.86,AED,0.03319753835485828,0.6967624020887729,23.130796567565227
2022-05-14,45,Affiliate,Retention,9759,295,171.58,AED,0.0302285070191618,0.5816271186440678,17.581719438467058
2022-05-15,45,Affiliate,Retention,12329,264,311.86,AED,0.021412928866899182,1.1812878787878789,25.294833319815073
2022-05-16,45,Affiliate,Retention,34102,613,350.76,AED,0.017975485308779543,0.5722022838499184,10.285613746994311
2022-05-17,45,Affiliate,Retention,8563,278,262.84,AED,0.03246525750321149,0.9454676258992805,30.69484993577017
2022-05-18,45,Affiliate,Retention,6890,163,201.92,AED,0.023657474600870827,1.2387730061349693,29.30624092888244
2022-05-19,45,Affiliate,Retention,14953,247,197.1,AED,0.016518424396442185,0.7979757085020243,13.181301411088077
2022-05-20,45,Affiliate,Retention,8511,338,203.88,AED,0.03971331218423217,0.6031952662721893,23.954881917518506
2022-05-21,45,Affiliate,Retention,7715,251,234.55,AED,0.03253402462734932,0.9344621513944223,30.401814646791966
2022-05-22,45,Affiliate,Retention,8788,221,294.71,AED,0.02514792899408284,1.3335294117647059,33.535502958579876
2022-05-23,45,Affiliate,Retention,9799,257,245.23,AED,0.02622716603735075,0.9542023346303502,25.026023063577917
2022-05-24,45,Affiliate,Retention,26255,727,343.76,AED,0.027689963816415922,0.47284731774415406,13.093125119024947
2022-05-25,45,Affiliate,Retention,11369,359,316.73,AED,0.031577095610871665,0.8822562674094708,27.85909050927962
2022-05-26,45,Affiliate,Retention,24206,799,267.76,AED,0.03300834503842023,0.3351188986232791,11.061720234652565
2022-05-27,45,Affiliate,Retention,9174,150,301.26,AED,0.016350555918901243,2.0084,32.83845650752126
2022-05-28,45,Affiliate,Retention,8715,138,262.83,AED,0.015834767641996556,1.9045652173913041,30.158347676419965
2022-05-29,45,Affiliate,Retention,24155,813,289.84,AED,0.03365762782032705,0.35650676506765067,11.99917201407576
2022-05-30,45,Affiliate,Retention,21627,415,177.9,AED,0.01918897674203542,0.4286746987951807,8.225828825079763
2022-05-31,45,Affiliate,Retention,10014,326,327.97,AED,0.03255442380667066,1.0060429447852761,32.75114839225085
2022-06-01,45,Affiliate,Retention,10993,273,287.36,AED,0.024833985263349404,1.0526007326007327,26.14027108159738
2022-06-02,45,Affiliate,Retention,17710,589,341.3,AED,0.03325804630152456,0.5794567062818337,19.27159796725014
2022-06-03,45,Affiliate,Retention,12597,212,278.29,AED,0.01682940382630785,1.3126886792452832,22.091767881241566
2022-06-04,45,Affiliate,Retention,10152,379,279.94,AED,0.037332545311268714,0.7386279683377308,27.57486209613869
2022-06-05,45,Affiliate,Retention,22128,879,247.27,AED,0.039723427331887204,0.28130830489192266,11.17453000723066
2022-06-06,45,Affiliate,Retention,9441,354,223.45,AED,0.0374960279631395,0.6312146892655367,23.66804363944497
2022-06-07,45,Affiliate,Retention,17017,540,283.25,AED,0.0317329729094435,0.524537037037037,16.645119586296058
2022-06-08,45,Affiliate,Retention,16462,333,281.25,AED,0.020228404811080063,0.8445945945945946,17.084801360709516
2022-06-09,45,Affiliate,Retention,13166,256,216.67,AED,0.019444022482150995,0.8463671875,16.456782621904907
2022-06-10,45,Affiliate,Retention,17395,455,254.36,AED,0.026156941649899398,0.559032967032967,14.622592699051452
2022-06-11,45,Affiliate,Retention,17760,596,295.8,AED,0.033558558558558556,0.4963087248322148,16.655405405405407
2022-06-12,45,Affiliate,Retention,8335,242,260.48,AED,0.029034193161367728,1.0763636363636364,31.251349730053995
2022-06-13,45,Affiliate,Retention,22898,738,280.4,AED,0.03222988907328151,0.37994579945799456,12.245610970390427
2022-06-14,45,Affiliate,Retention,10888,283,348.68,AED,0.025991917707567966,1.2320848056537104,32.0242468772961
2022-06-15,45,Affiliate,Retention,8365,282,270.46,AED,0.03371189479976091,0.9590780141843971,32.33233711894799
2023-03-23,46,Social,Cross-sell,57291,2836,961.97,AED,0.0495016669284879,0.33919957686882934,16.790944476444817
2023-03-24,46,Social,Cross-sell,25801,549,671.31,AED,0.02127824502926243,1.2227868852459016,26.018758962830894
2023-03-25,46,Social,Cross-sell,85363,1768,812.75,AED,0.020711549500369013,0.45970022624434387,9.521103991190563
2023-03-26,46,Social,Cross-sell,26896,806,541.98,AED,0.029967281380130873,0.6724317617866005,20.150951814396194
2023-03-27,46,Social,Cross-sell,42466,1727,528.6,AED,0.04066782838035134,0.3060799073537927,12.447605142937881
2023-03-28,46,Social,Cross-sell,29944,778,655.59,AED,0.02598183275447502,0.8426606683804627,21.893868554635322
2023-03-29,46,Social,Cross-sell,79475,1941,790.8,AED,0.024422774457376534,0.40741885625965996,9.950298836111985
2023-03-30,46,Social,Cross-sell,52335,2322,522.18,AED,0.044368013757523646,0.22488372093023254,9.977644024075666
2023-03-31,46,Social,Cross-sell,28761,1152,786.36,AED,0.04005424011682487,0.6826041666666667,27.341191196411806
2023-04-01,46,Social,Cross-sell,37648,1478,786.05,AED,0.039258393540161494,0.5318335588633288,20.878931151721204
2023-04-02,46,Social,Cross-sell,24539,859,711.72,AED,0.03500550144667672,0.8285448195576252,29.00362687966095
2023-04-03,46,Social,Cross-sell,37187,1053,656.47,AED,0.028316347110549384,0.6234283000949667,17.653212144028828
2023-04-04,46,Social,Cross-sell,26807,811,844.86,AED,0.030253292050583802,1.041750924784217,31.516394971462677
2023-04-05,46,Social,Cross-sell,28048,1033,807.35,AED,0.036829720479178554,0.7815585672797677,28.78458357102111
2023-04-06,46,Social,Cross-sell,32218,1202,708.04,AED,0.037308336954497485,0.5890515806988352,21.97653485629151
2023-04-07,46,Social,Cross-sell,28618,1400,807.93,AED,0.04892025997623873,0.5770928571428571,28.23153260185897
2023-04-08,46,Social,Cross-sell,28671,988,705.39,AED,0.03445990722332671,0.7139574898785425,24.602908862613788
2023-04-09,46,Social,Cross-sell,73711,3172,776.09,AED,0.043032925886231366,0.2446689785624212,10.528822021136602
2023-04-10,46,Social,Cross-sell,37645,1699,612.44,AED,0.04513215566476292,0.3604708652148323,16.268827201487582
2023-04-11,46,Social,Cross-sell,81924,3803,815.45,AED,0.04642107318978565,0.21442282408624772,9.95373761046824
2023-04-12,46,Social,Cross-sell,22864,922,760.76,AED,0.04032540237928622,0.8251193058568329,33.27326801959412
2023-04-13,46,Social,Cross-sell,28231,1148,541.76,AED,0.040664517728737914,0.4719163763066202,19.19025185080231
2023-04-14,46,Social,Cross-sell,16211,689,565.94,AED,0.042502004811547714,0.8213933236574746,34.910862994263155
2023-04-15,46,Social,Cross-sell,23857,731,606.16,AED,0.03064090204132959,0.82922024623803,25.40805633566668
2023-04-16,46,Social,Cross-sell,38334,1733,862.87,AED,0.045207909427662125,0.4979053664166186,22.509260708509416
2023-04-17,46,Social,Cross-sell,82430,2555,733.84,AED,0.030995996603178453,0.28721722113502934,8.902584010675726
2022-04-12,47,Affiliate,Cross-sell,33545,1303,333.92,AED,0.038843344760769116,0.2562701458173446,9.95438962587569
2022-04-13,47,Affiliate,Cross-sell,19170,729,268.92,AED,0.038028169014084505,0.36888888888888893,14.028169014084508
2022-04-14,47,Affiliate,Cross-sell,15858,606,364.11,AED,0.03821415058645478,0.6008415841584158,22.960650775633752
2022-04-15,47,Affiliate,Cross-sell,42742,1440,348.11,AED,0.03369051518412802,0.24174305555555556,8.14444808385195
2022-04-16,47,Affiliate,Cross-sell,10288,293,341.68,AED,0.028479782270606532,1.1661433447098977,33.21150855365474
2022-04-17,47,Affiliate,Cross-sell,13688,253,304.46,AED,0.0184833430742256,1.2033992094861659,22.242840444184687
2022-04-18,47,Affiliate,Cross-sell,11086,224,362.47,AED,0.020205664802453546,1.618169642857143,32.696193397077394
2022-04-19,47,Affiliate,Cross-sell,12037,204,312.51,AED,0.01694774445459832,1.5319117647058824,25.962449115228043
2022-04-20,47,Affiliate,Cross-sell,10429,234,290.69,AED,0.02243743407805159,1.2422649572649573,27.873238086106053
2022-04-21,47,Affiliate,Cross-sell,17970,538,368.61,AED,0.029938786867000557,0.6851486988847584,20.512520868113526
2022-04-22,47,Affiliate,Cross-sell,23393,738,378.3,AED,0.031547898944128586,0.5126016260162601,16.17150429615697
2022-04-23,47,Affiliate,Cross-sell,25424,818,312.05,AED,0.032174323473882945,0.381479217603912,12.273835745752045
2022-04-24,47,Affiliate,Cross-sell,23125,779,339.36,AED,0.033686486486486485,0.4356354300385109,14.675027027027028
2022-04-25,47,Affiliate,Cross-sell,19639,727,296.07,AED,0.037018178114975306,0.4072489683631362,15.075614848006516
2022-04-26,47,Affiliate,Cross-sell,14007,240,344.22,AED,0.017134289997858213,1.43425,24.574855429428144
2022-04-27,47,Affiliate,Cross-sell,19276,632,357.99,AED,0.03278688524590164,0.5664398734177215,18.571799128449886
2022-04-28,47,Affiliate,Cross-sell,26348,644,411.79,AED,0.024442082890541977,0.6394254658385093,15.628890238348264
2022-04-29,47,Affiliate,Cross-sell,39791,1312,428.93,AED,0.03297228016385615,0.32692835365853656,10.779573270337513
2022-04-30,47,Affiliate,Cross-sell,30458,703,448.4,AED,0.02308096395035787,0.6378378378378378,14.721912141309343
2022-05-01,47,Affiliate,Cross-sell,20680,323,352.06,AED,0.015618955512572533,1.089969040247678,17.024177949709863
2022-05-02,47,Affiliate,Cross-sell,12644,353,407.49,AED,0.02791838025941158,1.1543626062322947,32.2279341980386
2022-05-03,47,Affiliate,Cross-sell,15775,248,320.22,AED,0.01572107765451664,1.2912096774193549,20.299207606973063
2022-05-04,47,Affiliate,Cross-sell,20273,772,349.36,AED,0.0380802051990332,0.452538860103627,17.23277265328269
2022-05-05,47,Affiliate,Cross-sell,44595,1317,386.13,AED,0.02953245879582913,0.2931890660592255,8.658594012781702
2022-05-06,47,Affiliate,Cross-sell,13922,435,272.61,AED,0.031245510702485275,0.6266896551724138,19.581238327826462
2022-05-07,47,Affiliate,Cross-sell,13164,197,363.76,AED,0.014965056213916743,1.846497461928934,27.632938316621086
2022-05-08,47,Affiliate,Cross-sell,34321,620,309.62,AED,0.018064741703330323,0.4993870967741936,9.02129891320183
2022-05-09,47,Affiliate,Cross-sell,8792,201,304.49,AED,0.02286169244767971,1.5148756218905473,34.63262056414923
2022-05-10,47,Affiliate,Cross-sell,25994,403,388.3,AED,0.015503577748711242,0.9635235732009926,14.938062629837654
2022-05-11,47,Affiliate,Cross-sell,26654,437,373.79,AED,0.016395287761686802,0.8553546910755149,14.023786298491785
2022-05-12,47,Affiliate,Cross-sell,24064,671,341.9,AED,0.027883976063829786,0.5095380029806259,14.207945478723403
2022-05-13,47,Affiliate,Cross-sell,20344,783,302.0,AED,0.03848800629178136,0.38569604086845466,14.844671647660244
2022-05-14,47,Affiliate,Cross-sell,20363,499,357.77,AED,0.024505230074154102,0.7169739478957915,17.569611550360946
2022-05-15,47,Affiliate,Cross-sell,20712,687,396.02,AED,0.03316917728852839,0.5764483260553129,19.120316724604095
2022-05-16,47,Affiliate,Cross-sell,12239,286,409.91,AED,0.02336792221586731,1.4332517482517484,33.49211536890269
2022-05-17,47,Affiliate,Cross-sell,14786,256,342.14,AED,0.017313675098065737,1.336484375,23.13945624239145
2022-05-18,47,Affiliate,Cross-sell,24336,898,330.19,AED,0.036900065746219596,0.36769487750556795,13.567965154503616
2022-05-19,47,Affiliate,Cross-sell,22883,603,280.86,AED,0.02635143993357514,0.465771144278607,12.273740331250274
2022-05-20,47,Affiliate,Cross-sell,23651,868,433.83,AED,0.03670035093653545,0.4998041474654378,18.342987611517483
2022-05-21,47,Affiliate,Cross-sell,16975,441,396.29,AED,0.02597938144329897,0.8986167800453515,23.345508100147278
2022-05-22,47,Affiliate,Cross-sell,11506,349,347.02,AED,0.030332000695289414,0.9943266475644699,30.15991656527029
2022-05-23,47,Affiliate,Cross-sell,10203,279,310.89,AED,0.02734489855924728,1.1143010752688172,30.47044986768597
2022-05-24,47,Affiliate,Cross-sell,13877,310,407.13,AED,0.022339122288679108,1.3133225806451614,29.33847373351589
2022-05-25,47,Affiliate,Cross-sell,13734,350,293.68,AED,0.0254841997961264,0.8390857142857143,21.383427988932578
2022-05-26,47,Affiliate,Cross-sell,23545,468,275.06,AED,0.019876831599065618,0.5877350427350427,11.68231046931408
2022-05-27,47,Affiliate,Cross-sell,34253,683,325.2,AED,0.019939859282398623,0.4761346998535871,9.49405891454763
2022-05-28,47,Affiliate,Cross-sell,18187,276,321.22,AED,0.015175674932644196,1.163840579710145,17.662066311101338
2022-05-29,47,Affiliate,Cross-sell,9543,150,292.59,AED,0.01571832756994656,1.9506,30.66016975793775
2022-05-30,47,Affiliate,Cross-sell,18347,452,470.64,AED,0.024636180301956724,1.0412389380530973,25.652150215294053
2022-05-31,47,Affiliate,Cross-sell,17599,283,448.34,AED,0.016080459116995283,1.5842402826855122,25.475311097221432
2022-06-01,47,Affiliate,Cross-sell,15188,564,346.91,AED,0.037134579931524886,0.6150886524822695,22.841058730576773
2022-06-02,47,Affiliate,Cross-sell,29149,1036,315.57,AED,0.03554152801125253,0.3046042471042471,10.826100380802085
2022-06-03,47,Affiliate,Cross-sell,19651,491,325.2,AED,0.02498600580123149,0.6623217922606924,16.5487761437077
2022-06-04,47,Affiliate,Cross-sell,23350,644,281.69,AED,0.02758029978586724,0.43740683229813665,12.063811563169164
2022-01-05,48,Paid Search,Acquisition,48855,3161,1038.01,AED,0.06470166820182172,0.3283802594115786,21.246750588476104
2022-01-06,48,Paid Search,Acquisition,48155,2512,1303.25,AED,0.05216488422801371,0.5188097133757962,27.063648634617383
2022-01-07,48,Paid Search,Acquisition,49429,2112,1165.52,AED,0.04272795322583908,0.5518560606060606,23.579679944971577
2022-01-08,48,Paid Search,Acquisition,67332,4249,1027.91,AED,0.0631052100041585,0.24191809837608852,15.266292401829741
2022-01-09,48,Paid Search,Acquisition,60469,3158,1128.29,AED,0.05222510707966065,0.3572799240025332,18.658982288445316
2022-01-10,48,Paid Search,Acquisition,32164,1590,1022.11,AED,0.049434149981345606,0.6428364779874214,31.77807486631016
2022-01-11,48,Paid Search,Acquisition,121373,5287,978.68,AED,0.043559935076170155,0.18511064876111216,8.063407841941782
2022-01-12,48,Paid Search,Acquisition,41310,1621,1089.59,AED,0.0392398934882595,0.6721714990746452,26.375938029532797
2022-01-13,48,Paid Search,Acquisition,41031,2458,1045.96,AED,0.05990592478857449,0.42553295362082993,25.4919451146694
2022-01-14,48,Paid Search,Acquisition,72456,2737,928.76,AED,0.037774649442420226,0.33933503836317136,12.818262117699017
2022-01-15,48,Paid Search,Acquisition,32561,2016,982.98,AED,0.06191456036362519,0.4875892857142857,30.188876263014034
2022-01-16,48,Paid Search,Acquisition,48184,2255,1161.79,AED,0.0467997675576955,0.5152062084257206,24.111530798605344
2022-01-17,48,Paid Search,Acquisition,45428,2520,988.69,AED,0.05547239587919345,0.3923373015873016,21.763890111825308
2022-01-18,48,Paid Search,Acquisition,57791,2984,1023.04,AED,0.05163433752660449,0.34284182305630023,17.70241040992542
2022-01-19,48,Paid Search,Acquisition,40404,1645,1306.43,AED,0.040713790713790714,0.7941823708206688,32.33417483417483
2022-01-20,48,Paid Search,Acquisition,47159,1883,862.93,AED,0.03992875166988274,0.4582740308019118,18.29830997264573
2022-01-21,48,Paid Search,Acquisition,39526,1769,1310.76,AED,0.044755350908262916,0.7409609949123799,33.161969336639174
2022-01-22,48,Paid Search,Acquisition,35847,1334,1206.46,AED,0.03721371383937289,0.904392803598201,33.65581499149162
2022-01-23,48,Paid Search,Acquisition,30614,1639,983.71,AED,0.05353759717776181,0.6001891397193411,32.13268439276148
2022-01-24,48,Paid Search,Acquisition,42332,2713,1103.72,AED,0.06408863271284135,0.4068263914485809,26.072947179438724
2022-01-25,48,Paid Search,Acquisition,89032,4575,1022.31,AED,0.05138601851019858,0.22345573770491803,11.482500673914997
2022-01-26,48,Paid Search,Acquisition,49736,1794,1201.36,AED,0.03607045198648866,0.669654403567447,24.1547370114203
2022-01-27,48,Paid Search,Acquisition,35581,2038,1228.67,AED,0.057277760602568784,0.6028802747791954,34.531632050813634
2022-01-28,48,Paid Search,Acquisition,85028,5671,1051.31,AED,0.06669567671825752,0.18538353024157997,12.364280001881733
2022-01-29,48,Paid Search,Acquisition,26910,1655,884.99,AED,0.061501300631735416,0.5347371601208459,32.88703084355258
2022-01-30,48,Paid Search,Acquisition,39280,2349,1090.27,AED,0.05980142566191446,0.46414218816517666,27.756364562118126
2022-01-31,48,Paid Search,Acquisition,37041,1581,984.71,AED,0.04268243297967118,0.6228399746995573,26.58432547717394
2022-02-01,48,Paid Search,Acquisition,49443,3083,981.16,AED,0.06235463058471371,0.3182484592928965,19.844265113362862
2022-02-02,48,Paid Search,Acquisition,35452,2281,1041.92,AED,0.06434051675504908,0.45678211310828587,29.38959720185039
2022-02-03,48,Paid Search,Acquisition,51361,2208,1318.92,AED,0.04298981717645684,0.5973369565217391,25.67940655361072
2022-02-04,48,Paid Search,Acquisition,83416,3717,930.4,AED,0.044559796681691764,0.2503093892924401,11.153735494389565
2022-02-05,48,Paid Search,Acquisition,65693,3346,897.18,AED,0.05093388945549754,0.2681350866706515,13.657162863623217
2022-02-06,48,Paid Search,Acquisition,116816,7860,1236.55,AED,0.06728530338309821,0.15732188295165395,10.5854506232023
2022-02-07,48,Paid Search,Acquisition,54133,2583,1263.94,AED,0.047715811057949864,0.4893302361595045,23.3487890935289
2022-02-08,48,Paid Search,Acquisition,35533,1293,949.63,AED,0.036388709087327276,0.7344392884764115,26.72529761067177
2022-02-09,48,Paid Search,Acquisition,39787,2016,1220.04,AED,0.05066981677432327,0.6051785714285715,30.664287330032423
2022-02-10,48,Paid Search,Acquisition,33486,2077,880.06,AED,0.06202592128053515,0.42371689937409723,26.281431045810187
2022-02-11,48,Paid Search,Acquisition,56776,3214,1179.64,AED,0.05660842609553332,0.3670317361543249,20.777088910807382
2022-02-12,48,Paid Search,Acquisition,57657,3716,1236.31,AED,0.06445011013406872,0.33269913885898816,21.442496140971606
2022-02-13,48,Paid Search,Acquisition,35897,1772,1063.87,AED,0.049363456556258185,0.6003781038374717,29.6367384461097
2022-02-14,48,Paid Search,Acquisition,33039,1419,1001.36,AED,0.04294924180513938,0.7056800563777308,30.308423378431552
2022-02-15,48,Paid Search,Acquisition,38447,2430,851.98,AED,0.06320389107082477,0.3506090534979424,22.159856425728925
2022-02-16,48,Paid Search,Acquisition,88492,3435,1294.83,AED,0.03881706820955567,0.37695196506550216,14.632170139673642
2022-02-17,48,Paid Search,Acquisition,29231,1124,860.83,AED,0.03845232800793678,0.7658629893238434,29.449214874619415
2022-02-18,48,Paid Search,Acquisition,68748,4747,1193.11,AED,0.06904928143364171,0.25133979355382347,17.35483214057136
2022-02-19,48,Paid Search,Acquisition,29284,1299,1008.94,AED,0.044358694167463464,0.7767051578137029,34.453626553749494
2022-02-20,48,Paid Search,Acquisition,34347,1239,930.93,AED,0.03607301947768364,0.7513559322033898,27.10367717704603
2022-02-21,48,Paid Search,Acquisition,33739,1344,1062.64,AED,0.039835205548475056,0.790654761904762,31.4958949583568
2022-02-22,48,Paid Search,Acquisition,31177,1847,1057.77,AED,0.059242390223562244,0.5726962642122361,33.92789556403759
2022-02-23,48,Paid Search,Acquisition,35573,1740,1054.3,AED,0.04891350181317291,0.605919540229885,29.63764652967138
2022-02-24,48,Paid Search,Acquisition,42494,2308,891.43,AED,0.05431355014825622,0.38623483535528597,20.977785099072808
2022-02-25,48,Paid Search,Acquisition,38477,1692,964.16,AED,0.04397432232242639,0.5698345153664303,25.058086649167034
2022-02-26,48,Paid Search,Acquisition,36978,2032,744.24,AED,0.05495159283898534,0.366259842519685,20.126561739412622
2022-02-27,48,Paid Search,Acquisition,52776,2613,1042.92,AED,0.04951114142792178,0.3991274397244547,19.761255115961802
2022-02-28,48,Paid Search,Acquisition,40223,1759,1226.75,AED,0.04373119856798349,0.6974133030130756,30.49871963801805
2022-03-01,48,Paid Search,Acquisition,51659,2866,1263.46,AED,0.05547920013937552,0.440844382414515,24.457693722294277
2022-03-02,48,Paid Search,Acquisition,63204,2525,1041.12,AED,0.039950003164356686,0.41232475247524747,16.472375166128725
2022-03-03,48,Paid Search,Acquisition,51396,1988,707.86,AED,0.038680052922406415,0.35606639839034204,13.772667133629078
2022-03-04,48,Paid Search,Acquisition,37500,2270,1262.51,AED,0.060533333333333335,0.5561718061674009,33.66693333333333
2022-03-05,48,Paid Search,Acquisition,136916,9029,1287.73,AED,0.06594554325279733,0.14262155277439362,9.405255777264893
2022-03-06,48,Paid Search,Acquisition,44219,3058,1053.23,AED,0.06915579275876886,0.34441792020928713,23.818494312399647
2022-03-07,48,Paid Search,Acquisition,56284,3753,1259.2,AED,0.06667969582829934,0.3355182520650147,22.372254992537844
2022-03-08,48,Paid Search,Acquisition,47098,3277,1414.76,AED,0.06957832604356873,0.4317241379310345,30.038642829844157
2022-03-09,48,Paid Search,Acquisition,45830,1680,847.82,AED,0.0366572114335588,0.5046547619047619,18.499236308095135
2022-03-10,48,Paid Search,Acquisition,86248,4512,1152.33,AED,0.05231425656247101,0.25539228723404256,13.360657638437992
2022-03-11,48,Paid Search,Acquisition,45883,2843,1286.68,AED,0.061961946690495394,0.45257826239887444,28.042630168036094
2022-03-12,48,Paid Search,Acquisition,22343,1300,766.18,AED,0.05818377120350893,0.5893692307692308,34.291724477464975
2022-03-13,48,Paid Search,Acquisition,56798,2545,1080.45,AED,0.044807915771682104,0.42453831041257367,19.022676854818833
2022-03-14,48,Paid Search,Acquisition,73967,3960,934.67,AED,0.0535373882947801,0.23602777777777778,12.636310787242959
2022-03-15,48,Paid Search,Acquisition,76584,4366,1212.3,AED,0.05700929698109266,0.2776683463124141,15.8296772171733
2022-03-16,48,Paid Search,Acquisition,72503,2538,1134.6,AED,0.0350054480504255,0.4470449172576832,15.649007627270596
2022-03-17,48,Paid Search,Acquisition,83053,5620,949.07,AED,0.06766763392050859,0.16887366548042707,11.427281374543966
2022-03-18,48,Paid Search,Acquisition,35213,1982,1021.77,AED,0.05628603072728822,0.5155247225025227,29.016840371453725
2022-03-19,48,Paid Search,Acquisition,33986,1633,1162.84,AED,0.0480491967280645,0.7120881812614819,34.215265109162594
2022-03-20,48,Paid Search,Acquisition,54019,3712,1010.09,AED,0.06871656269090505,0.2721147629310345,18.6987911660712
2022-03-21,48,Paid Search,Acquisition,49244,2219,1110.58,AED,0.04506132726829665,0.5004867057232988,22.55259524002924
2022-03-22,48,Paid Search,Acquisition,44869,2157,1140.19,AED,0.048073279992868125,0.5285999072786277,25.411531346809603
2022-03-23,48,Paid Search,Acquisition,28827,1031,970.77,AED,0.035765081347347974,0.9415809893307469,33.675720678530546
2022-03-24,48,Paid Search,Acquisition,69651,3052,1160.76,AED,0.04381846635367762,0.3803276539973788,16.665374510057283
2022-03-25,48,Paid Search,Acquisition,46553,2971,1043.92,AED,0.06381973234807639,0.35136990912150795,22.42433355530256
2022-03-26,48,Paid Search,Acquisition,36430,1765,991.79,AED,0.0484490804282185,0.5619206798866855,27.22454021410925
2022-03-27,48,Paid Search,Acquisition,61696,3850,1163.72,AED,0.0624027489626556,0.30226493506493507,18.86216286307054
2022-03-28,48,Paid Search,Acquisition,53915,2572,979.12,AED,0.04770472039321154,0.3806842923794712,18.16043772605026
2022-03-29,48,Paid Search,Acquisition,69757,4115,656.51,AED,0.05899049557750476,0.15954070473876064,9.411385237323852
2022-03-30,48,Paid Search,Acquisition,28732,1812,862.91,AED,0.06306557148823612,0.476219646799117,30.033064179312266
2022-03-31,48,Paid Search,Acquisition,48999,2226,1035.48,AED,0.045429498561195124,0.46517520215633423,21.132676177064837
2022-04-01,48,Paid Search,Acquisition,59611,3610,856.75,AED,0.06055929274798275,0.2373268698060942,14.372347385549647
2022-04-02,48,Paid Search,Acquisition,135033,5174,1227.29,AED,0.03831655965578785,0.23720332431387708,9.088815326623862
2022-04-03,48,Paid Search,Acquisition,65958,4469,956.85,AED,0.06775523818187332,0.21410830163347505,14.506958973892477
2022-04-04,48,Paid Search,Acquisition,45647,2180,1006.27,AED,0.04775779350231121,0.46159174311926604,22.044603150261793
2021-04-09,49,Paid Search,Reactivation,50704,2142,864.27,AED,0.04224518775639003,0.4034873949579832,17.0454007573367
2021-04-10,49,Paid Search,Reactivation,56717,2613,1032.29,AED,0.04607084295713807,0.3950593187906621,18.200715834758537
2021-04-11,49,Paid Search,Reactivation,31435,1172,741.38,AED,0.0372832829648481,0.6325767918088737,23.584539526006044
2021-04-12,49,Paid Search,Reactivation,78677,3875,1035.78,AED,0.04925200503323716,0.26729806451612903,13.164965618922938
2021-04-13,49,Paid Search,Reactivation,33875,1488,878.4,AED,0.04392619926199262,0.5903225806451613,25.930627306273063
2021-04-14,49,Paid Search,Reactivation,85926,3183,982.13,AED,0.0370435025487047,0.30855482249450206,11.429951353490212
2021-04-15,49,Paid Search,Reactivation,61920,3815,786.29,AED,0.06161175710594315,0.2061048492791612,12.698481912144702
2021-04-16,49,Paid Search,Reactivation,99182,5407,835.87,AED,0.054515940392409916,0.15459034584797485,8.42763807949023
2021-04-17,49,Paid Search,Reactivation,39602,1820,918.64,AED,0.045957274885106814,0.5047472527472527,23.19680824200798
2021-04-18,49,Paid Search,Reactivation,36281,2201,579.34,AED,0.060665362035225046,0.26321671967287597,15.968137592679364
2021-04-19,49,Paid Search,Reactivation,81627,5421,868.17,AED,0.06641184902054467,0.16014941892639734,10.635819030467859
2021-04-20,49,Paid Search,Reactivation,53933,2928,940.99,AED,0.05428958151780913,0.3213763661202186,17.44738842638088
2021-04-21,49,Paid Search,Reactivation,32677,1744,781.38,AED,0.05337087247911375,0.44803899082568804,23.91223184502861
2021-04-22,49,Paid Search,Reactivation,63512,3227,856.2,AED,0.050809295881093335,0.26532383018283234,13.480916992064492
2021-04-23,49,Paid Search,Reactivation,90001,4876,955.53,AED,0.05417717580915768,0.19596595570139458,10.61688203464406
2021-04-24,49,Paid Search,Reactivation,40027,2511,1079.71,AED,0.06273265545756614,0.4299920350457985,26.974542184025786
2021-04-25,49,Paid Search,Reactivation,28057,1647,762.45,AED,0.05870192821755712,0.46293260473588344,27.175036532772573
2021-04-26,49,Paid Search,Reactivation,110018,5436,952.71,AED,0.04941009652965878,0.17525938189845475,8.659582977330983
2021-04-27,49,Paid Search,Reactivation,77123,4294,1067.05,AED,0.05567729471104599,0.2484979040521658,13.835691038989665
2021-04-28,49,Paid Search,Reactivation,22585,1421,737.57,AED,0.0629178658401594,0.5190499648135116,32.657516050475984
2021-04-29,49,Paid Search,Reactivation,70623,4896,1045.16,AED,0.0693258570154199,0.21347222222222223,14.799144754541723
2021-04-30,49,Paid Search,Reactivation,35257,2213,866.27,AED,0.06276767734066994,0.39144600090375054,24.570156281022207
2021-05-01,49,Paid Search,Reactivation,30020,1782,735.81,AED,0.05936042638241173,0.4129124579124579,24.510659560293135
2021-05-02,49,Paid Search,Reactivation,63415,2459,1093.72,AED,0.03877631475203028,0.44478243188287925,17.24702357486399
2021-05-03,49,Paid Search,Reactivation,41745,2545,920.81,AED,0.06096538507605701,0.36181139489194497,22.057971014492754
2021-05-04,49,Paid Search,Reactivation,37036,1843,806.03,AED,0.04976239334701372,0.43734671730873576,21.76341937574252
2021-05-05,49,Paid Search,Reactivation,50063,3462,854.09,AED,0.06915286738709227,0.24670421721548239,17.06030401693866
2021-05-06,49,Paid Search,Reactivation,28209,1312,891.02,AED,0.04650997908468928,0.6791310975609756,31.586373143323055
2021-05-07,49,Paid Search,Reactivation,52851,1883,1052.5,AED,0.035628464929708045,0.5589484864577802,19.914476547274415
2021-05-08,49,Paid Search,Reactivation,93830,4960,939.41,AED,0.052861558137056376,0.18939717741935483,10.011829905147607
2021-05-09,49,Paid Search,Reactivation,39687,2284,979.41,AED,0.057550331342757076,0.4288134851138354,24.67835815254365
2021-05-10,49,Paid Search,Reactivation,109906,7033,963.34,AED,0.06399104689461904,0.13697426418313666,8.765126562699034
2021-05-11,49,Paid Search,Reactivation,29795,1266,808.47,AED,0.042490350729988254,0.6386018957345971,27.134418526598424
2021-05-12,49,Paid Search,Reactivation,111347,4681,1012.03,AED,0.042039749611574626,0.21619953001495407,9.088974107968783
2021-05-13,49,Paid Search,Reactivation,43077,2274,831.32,AED,0.05278919144787241,0.3655760773966579,19.298465538454398
2021-05-14,49,Paid Search,Reactivation,36547,1625,762.84,AED,0.04446329384080773,0.46944,20.87284866062878
2021-05-15,49,Paid Search,Reactivation,48824,2219,912.3,AED,0.045448959528100935,0.41113114015322216,18.685482549565783
2021-05-16,49,Paid Search,Reactivation,27102,1656,851.23,AED,0.06110250166039407,0.5140277777777778,31.408383145155337
2021-05-17,49,Paid Search,Reactivation,77932,4626,898.96,AED,0.05935944156444079,0.19432771292693474,11.53518451983781
2021-05-18,49,Paid Search,Reactivation,77965,3932,1057.52,AED,0.05043288655165779,0.2689521871820956,13.564035143974861
2021-05-19,49,Paid Search,Reactivation,31551,1788,886.53,AED,0.05667015308548065,0.4958221476510067,28.09831701055434
2021-05-20,49,Paid Search,Reactivation,35423,1775,1051.48,AED,0.05010868644665895,0.5923830985915493,29.6835389436242
2021-05-21,49,Paid Search,Reactivation,26193,1362,875.02,AED,0.05199862558698889,0.6424522760646109,33.406635360592524
2021-05-22,49,Paid Search,Reactivation,53686,3354,1100.07,AED,0.06247438810863167,0.3279874776386404,20.490816972767572
2021-05-23,49,Paid Search,Reactivation,72400,3719,930.67,AED,0.051367403314917126,0.2502473783275074,12.854558011049724
2021-05-24,49,Paid Search,Reactivation,31500,1932,1075.37,AED,0.06133333333333333,0.5566097308488612,34.138730158730155
2021-02-14,50,Email,Retention,5867,190,178.44,AED,0.03238452360661326,0.9391578947368421,30.414181012442477
2021-02-15,50,Email,Retention,4046,232,125.52,AED,0.05734058329214039,0.5410344827586206,31.02323282254078
2021-02-16,50,Email,Retention,7859,444,122.71,AED,0.05649573737116682,0.27637387387387385,15.613945794630359
2021-02-17,50,Email,Retention,12199,462,114.62,AED,0.03787195671776375,0.24809523809523812,9.39585211902615
2021-02-18,50,Email,Retention,9033,475,129.2,AED,0.052584966234916417,0.27199999999999996,14.303110815897265
2021-02-19,50,Email,Retention,6374,434,139.99,AED,0.06808911201757138,0.32255760368663594,21.962660809538754
2021-02-20,50,Email,Retention,6641,236,164.02,AED,0.035536816744466196,0.6950000000000001,24.698087637404008
2021-02-21,50,Email,Retention,10617,550,129.76,AED,0.051803711029481024,0.2359272727272727,12.221908260337194
2021-02-22,50,Email,Retention,6959,343,164.8,AED,0.0492886909038655,0.48046647230320705,23.681563443023425
2021-02-23,50,Email,Retention,9708,401,122.43,AED,0.04130613926658426,0.3053117206982544,12.61124845488257
2021-02-24,50,Email,Retention,4532,174,99.27,AED,0.038393645189761696,0.5705172413793104,21.90423654015887
2021-02-25,50,Email,Retention,6575,477,170.29,AED,0.07254752851711027,0.3570020964360587,25.89961977186312
2021-02-26,50,Email,Retention,3896,181,133.82,AED,0.046457905544147846,0.7393370165745856,34.34804928131417
2021-02-27,50,Email,Retention,4178,144,100.56,AED,0.03446625179511728,0.6983333333333334,24.068932503590236
2021-02-28,50,Email,Retention,3513,231,119.09,AED,0.06575576430401367,0.5155411255411255,33.89980074010817
2021-03-01,50,Email,Retention,4752,309,139.15,AED,0.06502525252525253,0.45032362459546926,29.28240740740741
2021-03-02,50,Email,Retention,3534,275,110.2,AED,0.077815506508206,0.40072727272727277,31.182795698924732
2021-03-03,50,Email,Retention,8359,640,179.52,AED,0.07656418231845914,0.2805,21.476253140327792
2021-03-04,50,Email,Retention,7749,313,157.1,AED,0.040392308684991614,0.5019169329073482,20.273583688217833
2021-03-05,50,Email,Retention,22583,950,182.94,AED,0.04206704157994952,0.19256842105263158,8.10078377540628
2021-03-06,50,Email,Retention,4319,341,86.86,AED,0.07895346144940958,0.2547214076246334,20.11113683723084
2021-03-07,50,Email,Retention,7958,418,138.93,AED,0.05252576024126665,0.3323684210526316,17.45790399597889
2021-03-08,50,Email,Retention,4996,187,142.6,AED,0.03742994395516413,0.7625668449197861,28.54283426741393
2021-03-09,50,Email,Retention,7018,299,164.51,AED,0.042604730692504984,0.550200668896321,23.44115132516386
2021-03-10,50,Email,Retention,11389,903,127.06,AED,0.07928703134603565,0.14070874861572535,11.156378962156467
2021-03-11,50,Email,Retention,7321,267,119.59,AED,0.03647042753722169,0.44790262172284645,16.33520010927469
2021-03-12,50,Email,Retention,14675,1073,142.78,AED,0.0731175468483816,0.13306616961789375,9.72947189097104
2021-03-13,50,Email,Retention,3193,135,108.45,AED,0.04227998747259631,0.8033333333333333,33.96492326965237
2021-03-14,50,Email,Retention,5019,254,126.99,AED,0.050607690775054795,0.49996062992125984,25.301852958756722
2021-03-15,50,Email,Retention,8775,353,134.19,AED,0.040227920227920225,0.38014164305949005,15.292307692307691
2021-03-16,50,Email,Retention,8965,577,115.22,AED,0.06436140546569995,0.19968804159445408,12.852203011712215
2021-03-17,50,Email,Retention,7372,537,171.46,AED,0.07284319045035269,0.319292364990689,23.258274552360284
2021-03-18,50,Email,Retention,5355,191,140.24,AED,0.035667600373482725,0.7342408376963351,26.188608776844074
2021-03-19,50,Email,Retention,4785,249,128.05,AED,0.05203761755485893,0.5142570281124499,26.760710553814004
2021-03-20,50,Email,Retention,3231,150,109.32,AED,0.04642525533890436,0.7288,33.8347260909935
2021-03-21,50,Email,Retention,4889,367,166.15,AED,0.0750664757619145,0.45272479564032697,33.9844548987523
2021-03-22,50,Email,Retention,4355,185,151.91,AED,0.04247990815154994,0.8211351351351351,34.88174512055109
2021-03-23,50,Email,Retention,6177,345,122.27,AED,0.055852355512384655,0.35440579710144926,19.794398575360205
2021-03-24,50,Email,Retention,6029,232,120.45,AED,0.03848067672914248,0.5191810344827587,19.978437551832812
